Timestamp,SID,Channel,Band,Value
1763188670.0863,0dfe3ee1-5036-4085-804d-ffdf71fb9b91,AF3,delta,325.067
1763188670.0863,0dfe3ee1-5036-4085-804d-ffdf71fb9b91,AF3,theta,175.229
1763188670.0863,0dfe3ee1-5036-4085-804d-ffdf71fb9b91,AF3,alpha,19.684
1763188670.0863,0dfe3ee1-5036-4085-804d-ffdf71fb9b91,AF3,beta,14.023
1763188670.0863,0dfe3ee1-5036-4085-804d-ffdf71fb9b91,AF3,gamma,2.097
1763188670.0863,0dfe3ee1-5036-4085-804d-ffdf71fb9b91,AF4,delta,231.749
1763188670.0863,0dfe3ee1-5036-4085-804d-ffdf71fb9b91,AF4,theta,61.905
1763188670.0863,0dfe3ee1-5036-4085-804d-ffdf71fb9b91,AF4,alpha,8.789
1763188670.0863,0dfe3ee1-5036-4085-804d-ffdf71fb9b91,AF4,beta,105.031
1763188670.0863,0dfe3ee1-5036-4085-804d-ffdf71fb9b91,AF4,gamma,430.603
1763188670.0863,0dfe3ee1-5036-4085-804d-ffdf71fb9b91,T7,delta,7.29
1763188670.0863,0dfe3ee1-5036-4085-804d-ffdf71fb9b91,T7,theta,8.463
1763188670.0863,0dfe3ee1-5036-4085-804d-ffdf71fb9b91,T7,alpha,7.318
1763188670.0863,0dfe3ee1-5036-4085-804d-ffdf71fb9b91,T7,beta,3.581
1763188670.0863,0dfe3ee1-5036-4085-804d-ffdf71fb9b91,T7,gamma,5.327
1763188670.0863,0dfe3ee1-5036-4085-804d-ffdf71fb9b91,T8,delta,3.835
1763188670.0863,0dfe3ee1-5036-4085-804d-ffdf71fb9b91,T8,theta,2.547
1763188670.0863,0dfe3ee1-5036-4085-804d-ffdf71fb9b91,T8,alpha,0.357
1763188670.0863,0dfe3ee1-5036-4085-804d-ffdf71fb9b91,T8,beta,0.35
1763188670.0863,0dfe3ee1-5036-4085-804d-ffdf71fb9b91,T8,gamma,0.118
1763188670.0863,0dfe3ee1-5036-4085-804d-ffdf71fb9b91,Pz,delta,345.163
1763188670.0863,0dfe3ee1-5036-4085-804d-ffdf71fb9b91,Pz,theta,185.246
1763188670.0863,0dfe3ee1-5036-4085-804d-ffdf71fb9b91,Pz,alpha,19.446
1763188670.0863,0dfe3ee1-5036-4085-804d-ffdf71fb9b91,Pz,beta,17.303
1763188670.0863,0dfe3ee1-5036-4085-804d-ffdf71fb9b91,Pz,gamma,3.282
1763188670.2111,0dfe3ee1-5036-4085-804d-ffdf71fb9b91,AF3,delta,401.575
1763188670.2111,0dfe3ee1-5036-4085-804d-ffdf71fb9b91,AF3,theta,213.742
1763188670.2111,0dfe3ee1-5036-4085-804d-ffdf71fb9b91,AF3,alpha,21.72
1763188670.2111,0dfe3ee1-5036-4085-804d-ffdf71fb9b91,AF3,beta,18.019
1763188670.2111,0dfe3ee1-5036-4085-804d-ffdf71fb9b91,AF3,gamma,2.408
1763188670.2111,0dfe3ee1-5036-4085-804d-ffdf71fb9b91,AF4,delta,239.252
1763188670.2111,0dfe3ee1-5036-4085-804d-ffdf71fb9b91,AF4,theta,61.261
1763188670.2111,0dfe3ee1-5036-4085-804d-ffdf71fb9b91,AF4,alpha,10.541
1763188670.2111,0dfe3ee1-5036-4085-804d-ffdf71fb9b91,AF4,beta,102.659
1763188670.2111,0dfe3ee1-5036-4085-804d-ffdf71fb9b91,AF4,gamma,423.435
1763188670.2111,0dfe3ee1-5036-4085-804d-ffdf71fb9b91,T7,delta,6.368
1763188670.2111,0dfe3ee1-5036-4085-804d-ffdf71fb9b91,T7,theta,6.149
1763188670.2111,0dfe3ee1-5036-4085-804d-ffdf71fb9b91,T7,alpha,6.323
1763188670.2111,0dfe3ee1-5036-4085-804d-ffdf71fb9b91,T7,beta,3.574
1763188670.2111,0dfe3ee1-5036-4085-804d-ffdf71fb9b91,T7,gamma,5.367
1763188670.2111,0dfe3ee1-5036-4085-804d-ffdf71fb9b91,T8,delta,4.581
1763188670.2111,0dfe3ee1-5036-4085-804d-ffdf71fb9b91,T8,theta,3.13
1763188670.2111,0dfe3ee1-5036-4085-804d-ffdf71fb9b91,T8,alpha,0.407
1763188670.2111,0dfe3ee1-5036-4085-804d-ffdf71fb9b91,T8,beta,0.424
1763188670.2111,0dfe3ee1-5036-4085-804d-ffdf71fb9b91,T8,gamma,0.132
1763188670.2111,0dfe3ee1-5036-4085-804d-ffdf71fb9b91,Pz,delta,426.121
1763188670.2111,0dfe3ee1-5036-4085-804d-ffdf71fb9b91,Pz,theta,227.425
1763188670.2111,0dfe3ee1-5036-4085-804d-ffdf71fb9b91,Pz,alpha,22.386
1763188670.2111,0dfe3ee1-5036-4085-804d-ffdf71fb9b91,Pz,beta,22.337
1763188670.2111,0dfe3ee1-5036-4085-804d-ffdf71fb9b91,Pz,gamma,3.919
1763188670.3359,0dfe3ee1-5036-4085-804d-ffdf71fb9b91,AF3,delta,432.026
1763188670.3359,0dfe3ee1-5036-4085-804d-ffdf71fb9b91,AF3,theta,224.807
1763188670.3359,0dfe3ee1-5036-4085-804d-ffdf71fb9b91,AF3,alpha,21.344
1763188670.3359,0dfe3ee1-5036-4085-804d-ffdf71fb9b91,AF3,beta,20.077
1763188670.3359,0dfe3ee1-5036-4085-804d-ffdf71fb9b91,AF3,gamma,2.638
1763188670.3359,0dfe3ee1-5036-4085-804d-ffdf71fb9b91,AF4,delta,252.17
1763188670.3359,0dfe3ee1-5036-4085-804d-ffdf71fb9b91,AF4,theta,56.397
1763188670.3359,0dfe3ee1-5036-4085-804d-ffdf71fb9b91,AF4,alpha,13.002
1763188670.3359,0dfe3ee1-5036-4085-804d-ffdf71fb9b91,AF4,beta,100.347
1763188670.3359,0dfe3ee1-5036-4085-804d-ffdf71fb9b91,AF4,gamma,412.721
1763188670.3359,0dfe3ee1-5036-4085-804d-ffdf71fb9b91,T7,delta,5.23
1763188670.3359,0dfe3ee1-5036-4085-804d-ffdf71fb9b91,T7,theta,4.401
1763188670.3359,0dfe3ee1-5036-4085-804d-ffdf71fb9b91,T7,alpha,4.855
1763188670.3359,0dfe3ee1-5036-4085-804d-ffdf71fb9b91,T7,beta,3.636
1763188670.3359,0dfe3ee1-5036-4085-804d-ffdf71fb9b91,T7,gamma,5.114
1763188670.3359,0dfe3ee1-5036-4085-804d-ffdf71fb9b91,T8,delta,4.901
1763188670.3359,0dfe3ee1-5036-4085-804d-ffdf71fb9b91,T8,theta,3.308
1763188670.3359,0dfe3ee1-5036-4085-804d-ffdf71fb9b91,T8,alpha,0.411
1763188670.3359,0dfe3ee1-5036-4085-804d-ffdf71fb9b91,T8,beta,0.451
1763188670.3359,0dfe3ee1-5036-4085-804d-ffdf71fb9b91,T8,gamma,0.132
1763188670.3359,0dfe3ee1-5036-4085-804d-ffdf71fb9b91,Pz,delta,456.733
1763188670.3359,0dfe3ee1-5036-4085-804d-ffdf71fb9b91,Pz,theta,240.338
1763188670.3359,0dfe3ee1-5036-4085-804d-ffdf71fb9b91,Pz,alpha,22.747
1763188670.3359,0dfe3ee1-5036-4085-804d-ffdf71fb9b91,Pz,beta,24.964
1763188670.3359,0dfe3ee1-5036-4085-804d-ffdf71fb9b91,Pz,gamma,4.273
1763188670.4614,0dfe3ee1-5036-4085-804d-ffdf71fb9b91,AF3,delta,410.428
1763188670.4614,0dfe3ee1-5036-4085-804d-ffdf71fb9b91,AF3,theta,204.389
1763188670.4614,0dfe3ee1-5036-4085-804d-ffdf71fb9b91,AF3,alpha,18.727
1763188670.4614,0dfe3ee1-5036-4085-804d-ffdf71fb9b91,AF3,beta,19.507
1763188670.4614,0dfe3ee1-5036-4085-804d-ffdf71fb9b91,AF3,gamma,2.71
1763188670.4614,0dfe3ee1-5036-4085-804d-ffdf71fb9b91,AF4,delta,275.21
1763188670.4614,0dfe3ee1-5036-4085-804d-ffdf71fb9b91,AF4,theta,48.686
1763188670.4614,0dfe3ee1-5036-4085-804d-ffdf71fb9b91,AF4,alpha,15.792
1763188670.4614,0dfe3ee1-5036-4085-804d-ffdf71fb9b91,AF4,beta,100.708
1763188670.4614,0dfe3ee1-5036-4085-804d-ffdf71fb9b91,AF4,gamma,400.713
1763188670.4614,0dfe3ee1-5036-4085-804d-ffdf71fb9b91,T7,delta,4.061
1763188670.4614,0dfe3ee1-5036-4085-804d-ffdf71fb9b91,T7,theta,3.184
1763188670.4614,0dfe3ee1-5036-4085-804d-ffdf71fb9b91,T7,alpha,3.426
1763188670.4614,0dfe3ee1-5036-4085-804d-ffdf71fb9b91,T7,beta,3.756
1763188670.4614,0dfe3ee1-5036-4085-804d-ffdf71fb9b91,T7,gamma,4.684
1763188670.4614,0dfe3ee1-5036-4085-804d-ffdf71fb9b91,T8,delta,4.524
1763188670.4614,0dfe3ee1-5036-4085-804d-ffdf71fb9b91,T8,theta,3.018
1763188670.4614,0dfe3ee1-5036-4085-804d-ffdf71fb9b91,T8,alpha,0.369
1763188670.4614,0dfe3ee1-5036-4085-804d-ffdf71fb9b91,T8,beta,0.42
1763188670.4614,0dfe3ee1-5036-4085-804d-ffdf71fb9b91,T8,gamma,0.118
1763188670.4614,0dfe3ee1-5036-4085-804d-ffdf71fb9b91,Pz,delta,430.736
1763188670.4614,0dfe3ee1-5036-4085-804d-ffdf71fb9b91,Pz,theta,219.628
1763188670.4614,0dfe3ee1-5036-4085-804d-ffdf71fb9b91,Pz,alpha,20.61
1763188670.4614,0dfe3ee1-5036-4085-804d-ffdf71fb9b91,Pz,beta,24.313
1763188670.4614,0dfe3ee1-5036-4085-804d-ffdf71fb9b91,Pz,gamma,4.25
1763188670.5864,0dfe3ee1-5036-4085-804d-ffdf71fb9b91,AF3,delta,335.723
1763188670.5864,0dfe3ee1-5036-4085-804d-ffdf71fb9b91,AF3,theta,160.096
1763188670.5864,0dfe3ee1-5036-4085-804d-ffdf71fb9b91,AF3,alpha,14.817
1763188670.5864,0dfe3ee1-5036-4085-804d-ffdf71fb9b91,AF3,beta,16.535
1763188670.5864,0dfe3ee1-5036-4085-804d-ffdf71fb9b91,AF3,gamma,2.586
1763188670.5864,0dfe3ee1-5036-4085-804d-ffdf71fb9b91,AF4,delta,311.381
1763188670.5864,0dfe3ee1-5036-4085-804d-ffdf71fb9b91,AF4,theta,40.846
1763188670.5864,0dfe3ee1-5036-4085-804d-ffdf71fb9b91,AF4,alpha,18.214
1763188670.5864,0dfe3ee1-5036-4085-804d-ffdf71fb9b91,AF4,beta,105.111
1763188670.5864,0dfe3ee1-5036-4085-804d-ffdf71fb9b91,AF4,gamma,389.39
1763188670.5864,0dfe3ee1-5036-4085-804d-ffdf71fb9b91,T7,delta,2.974
1763188670.5864,0dfe3ee1-5036-4085-804d-ffdf71fb9b91,T7,theta,2.335
1763188670.5864,0dfe3ee1-5036-4085-804d-ffdf71fb9b91,T7,alpha,2.37
1763188670.5864,0dfe3ee1-5036-4085-804d-ffdf71fb9b91,T7,beta,3.983
1763188670.5864,0dfe3ee1-5036-4085-804d-ffdf71fb9b91,T7,gamma,4.241
1763188670.5864,0dfe3ee1-5036-4085-804d-ffdf71fb9b91,T8,delta,3.678
1763188670.5864,0dfe3ee1-5036-4085-804d-ffdf71fb9b91,T8,theta,2.365
1763188670.5864,0dfe3ee1-5036-4085-804d-ffdf71fb9b91,T8,alpha,0.293
1763188670.5864,0dfe3ee1-5036-4085-804d-ffdf71fb9b91,T8,beta,0.343
1763188670.5864,0dfe3ee1-5036-4085-804d-ffdf71fb9b91,T8,gamma,0.096
1763188670.5864,0dfe3ee1-5036-4085-804d-ffdf71fb9b91,Pz,delta,349.458
1763188670.5864,0dfe3ee1-5036-4085-804d-ffdf71fb9b91,Pz,theta,173.128
1763188670.5864,0dfe3ee1-5036-4085-804d-ffdf71fb9b91,Pz,alpha,16.902
1763188670.5864,0dfe3ee1-5036-4085-804d-ffdf71fb9b91,Pz,beta,20.658
1763188670.5864,0dfe3ee1-5036-4085-804d-ffdf71fb9b91,Pz,gamma,3.864
1763188670.7114,0dfe3ee1-5036-4085-804d-ffdf71fb9b91,AF3,delta,242.528
1763188670.7114,0dfe3ee1-5036-4085-804d-ffdf71fb9b91,AF3,theta,106.884
1763188670.7114,0dfe3ee1-5036-4085-804d-ffdf71fb9b91,AF3,alpha,10.907
1763188670.7114,0dfe3ee1-5036-4085-804d-ffdf71fb9b91,AF3,beta,12.202
1763188670.7114,0dfe3ee1-5036-4085-804d-ffdf71fb9b91,AF3,gamma,2.287
1763188670.7114,0dfe3ee1-5036-4085-804d-ffdf71fb9b91,AF4,delta,357.731
1763188670.7114,0dfe3ee1-5036-4085-804d-ffdf71fb9b91,AF4,theta,35.819
1763188670.7114,0dfe3ee1-5036-4085-804d-ffdf71fb9b91,AF4,alpha,19.827
1763188670.7114,0dfe3ee1-5036-4085-804d-ffdf71fb9b91,AF4,beta,113.174
1763188670.7114,0dfe3ee1-5036-4085-804d-ffdf71fb9b91,AF4,gamma,379.393
1763188670.7114,0dfe3ee1-5036-4085-804d-ffdf71fb9b91,T7,delta,2.13
1763188670.7114,0dfe3ee1-5036-4085-804d-ffdf71fb9b91,T7,theta,1.726
1763188670.7114,0dfe3ee1-5036-4085-804d-ffdf71fb9b91,T7,alpha,1.74
1763188670.7114,0dfe3ee1-5036-4085-804d-ffdf71fb9b91,T7,beta,4.518
1763188670.7114,0dfe3ee1-5036-4085-804d-ffdf71fb9b91,T7,gamma,3.968
1763188670.7114,0dfe3ee1-5036-4085-804d-ffdf71fb9b91,T8,delta,2.566
1763188670.7114,0dfe3ee1-5036-4085-804d-ffdf71fb9b91,T8,theta,1.569
1763188670.7114,0dfe3ee1-5036-4085-804d-ffdf71fb9b91,T8,alpha,0.208
1763188670.7114,0dfe3ee1-5036-4085-804d-ffdf71fb9b91,T8,beta,0.246
1763188670.7114,0dfe3ee1-5036-4085-804d-ffdf71fb9b91,T8,gamma,0.072
1763188670.7114,0dfe3ee1-5036-4085-804d-ffdf71fb9b91,Pz,delta,249.857
1763188670.7114,0dfe3ee1-5036-4085-804d-ffdf71fb9b91,Pz,theta,116.506
1763188670.7114,0dfe3ee1-5036-4085-804d-ffdf71fb9b91,Pz,alpha,12.933
1763188670.7114,0dfe3ee1-5036-4085-804d-ffdf71fb9b91,Pz,beta,15.298
1763188670.7114,0dfe3ee1-5036-4085-804d-ffdf71fb9b91,Pz,gamma,3.232
1763188670.8365,0dfe3ee1-5036-4085-804d-ffdf71fb9b91,AF3,delta,155.846
1763188670.8365,0dfe3ee1-5036-4085-804d-ffdf71fb9b91,AF3,theta,60.215
1763188670.8365,0dfe3ee1-5036-4085-804d-ffdf71fb9b91,AF3,alpha,8.008
1763188670.8365,0dfe3ee1-5036-4085-804d-ffdf71fb9b91,AF3,beta,7.86
1763188670.8365,0dfe3ee1-5036-4085-804d-ffdf71fb9b91,AF3,gamma,1.888
1763188670.8365,0dfe3ee1-5036-4085-804d-ffdf71fb9b91,AF4,delta,404.573
1763188670.8365,0dfe3ee1-5036-4085-804d-ffdf71fb9b91,AF4,theta,36.246
1763188670.8365,0dfe3ee1-5036-4085-804d-ffdf71fb9b91,AF4,alpha,20.636
1763188670.8365,0dfe3ee1-5036-4085-804d-ffdf71fb9b91,AF4,beta,122.901
1763188670.8365,0dfe3ee1-5036-4085-804d-ffdf71fb9b91,AF4,gamma,369.991
1763188670.8365,0dfe3ee1-5036-4085-804d-ffdf71fb9b91,T7,delta,1.509
1763188670.8365,0dfe3ee1-5036-4085-804d-ffdf71fb9b91,T7,theta,1.323
1763188670.8365,0dfe3ee1-5036-4085-804d-ffdf71fb9b91,T7,alpha,1.451
1763188670.8365,0dfe3ee1-5036-4085-804d-ffdf71fb9b91,T7,beta,5.594
1763188670.8365,0dfe3ee1-5036-4085-804d-ffdf71fb9b91,T7,gamma,3.989
1763188670.8365,0dfe3ee1-5036-4085-804d-ffdf71fb9b91,T8,delta,1.592
1763188670.8365,0dfe3ee1-5036-4085-804d-ffdf71fb9b91,T8,theta,0.865
1763188670.8365,0dfe3ee1-5036-4085-804d-ffdf71fb9b91,T8,alpha,0.135
1763188670.8365,0dfe3ee1-5036-4085-804d-ffdf71fb9b91,T8,beta,0.158
1763188670.8365,0dfe3ee1-5036-4085-804d-ffdf71fb9b91,T8,gamma,0.053
1763188670.8365,0dfe3ee1-5036-4085-804d-ffdf71fb9b91,Pz,delta,159.06
1763188670.8365,0dfe3ee1-5036-4085-804d-ffdf71fb9b91,Pz,theta,66.262
1763188670.8365,0dfe3ee1-5036-4085-804d-ffdf71fb9b91,Pz,alpha,9.714
1763188670.8365,0dfe3ee1-5036-4085-804d-ffdf71fb9b91,Pz,beta,9.927
1763188670.8365,0dfe3ee1-5036-4085-804d-ffdf71fb9b91,Pz,gamma,2.525
1763188670.9616,0dfe3ee1-5036-4085-804d-ffdf71fb9b91,AF3,delta,98.314
1763188670.9616,0dfe3ee1-5036-4085-804d-ffdf71fb9b91,AF3,theta,29.398
1763188670.9616,0dfe3ee1-5036-4085-804d-ffdf71fb9b91,AF3,alpha,6.462
1763188670.9616,0dfe3ee1-5036-4085-804d-ffdf71fb9b91,AF3,beta,4.581
1763188670.9616,0dfe3ee1-5036-4085-804d-ffdf71fb9b91,AF3,gamma,1.478
1763188670.9616,0dfe3ee1-5036-4085-804d-ffdf71fb9b91,AF4,delta,439.617
1763188670.9616,0dfe3ee1-5036-4085-804d-ffdf71fb9b91,AF4,theta,44.07
1763188670.9616,0dfe3ee1-5036-4085-804d-ffdf71fb9b91,AF4,alpha,21.28
1763188670.9616,0dfe3ee1-5036-4085-804d-ffdf71fb9b91,AF4,beta,131.625
1763188670.9616,0dfe3ee1-5036-4085-804d-ffdf71fb9b91,AF4,gamma,359.732
1763188670.9616,0dfe3ee1-5036-4085-804d-ffdf71fb9b91,T7,delta,1.117
1763188670.9616,0dfe3ee1-5036-4085-804d-ffdf71fb9b91,T7,theta,1.091
1763188670.9616,0dfe3ee1-5036-4085-804d-ffdf71fb9b91,T7,alpha,1.374
1763188670.9616,0dfe3ee1-5036-4085-804d-ffdf71fb9b91,T7,beta,7.334
1763188670.9616,0dfe3ee1-5036-4085-804d-ffdf71fb9b91,T7,gamma,4.339
1763188670.9616,0dfe3ee1-5036-4085-804d-ffdf71fb9b91,T8,delta,0.933
1763188670.9616,0dfe3ee1-5036-4085-804d-ffdf71fb9b91,T8,theta,0.396
1763188670.9616,0dfe3ee1-5036-4085-804d-ffdf71fb9b91,T8,alpha,0.087
1763188670.9616,0dfe3ee1-5036-4085-804d-ffdf71fb9b91,T8,beta,0.097
1763188670.9616,0dfe3ee1-5036-4085-804d-ffdf71fb9b91,T8,gamma,0.041
1763188670.9616,0dfe3ee1-5036-4085-804d-ffdf71fb9b91,Pz,delta,100.609
1763188670.9616,0dfe3ee1-5036-4085-804d-ffdf71fb9b91,Pz,theta,32.657
1763188670.9616,0dfe3ee1-5036-4085-804d-ffdf71fb9b91,Pz,alpha,7.672
1763188670.9616,0dfe3ee1-5036-4085-804d-ffdf71fb9b91,Pz,beta,5.882
1763188670.9616,0dfe3ee1-5036-4085-804d-ffdf71fb9b91,Pz,gamma,1.897
1763188671.0872,0dfe3ee1-5036-4085-804d-ffdf71fb9b91,AF3,delta,72.999
1763188671.0872,0dfe3ee1-5036-4085-804d-ffdf71fb9b91,AF3,theta,14.938
1763188671.0872,0dfe3ee1-5036-4085-804d-ffdf71fb9b91,AF3,alpha,5.988
1763188671.0872,0dfe3ee1-5036-4085-804d-ffdf71fb9b91,AF3,beta,2.743
1763188671.0872,0dfe3ee1-5036-4085-804d-ffdf71fb9b91,AF3,gamma,1.128
1763188671.0872,0dfe3ee1-5036-4085-804d-ffdf71fb9b91,AF4,delta,453.516
1763188671.0872,0dfe3ee1-5036-4085-804d-ffdf71fb9b91,AF4,theta,59.471
1763188671.0872,0dfe3ee1-5036-4085-804d-ffdf71fb9b91,AF4,alpha,22.552
1763188671.0872,0dfe3ee1-5036-4085-804d-ffdf71fb9b91,AF4,beta,136.997
1763188671.0872,0dfe3ee1-5036-4085-804d-ffdf71fb9b91,AF4,gamma,347.289
1763188671.0872,0dfe3ee1-5036-4085-804d-ffdf71fb9b91,T7,delta,0.929
1763188671.0872,0dfe3ee1-5036-4085-804d-ffdf71fb9b91,T7,theta,0.968
1763188671.0872,0dfe3ee1-5036-4085-804d-ffdf71fb9b91,T7,alpha,1.398
1763188671.0872,0dfe3ee1-5036-4085-804d-ffdf71fb9b91,T7,beta,9.789
1763188671.0872,0dfe3ee1-5036-4085-804d-ffdf71fb9b91,T7,gamma,5.035
1763188671.0872,0dfe3ee1-5036-4085-804d-ffdf71fb9b91,T8,delta,0.631
1763188671.0872,0dfe3ee1-5036-4085-804d-ffdf71fb9b91,T8,theta,0.176
1763188671.0872,0dfe3ee1-5036-4085-804d-ffdf71fb9b91,T8,alpha,0.067
1763188671.0872,0dfe3ee1-5036-4085-804d-ffdf71fb9b91,T8,beta,0.065
1763188671.0872,0dfe3ee1-5036-4085-804d-ffdf71fb9b91,T8,gamma,0.035
1763188671.0872,0dfe3ee1-5036-4085-804d-ffdf71fb9b91,Pz,delta,76.519
1763188671.0872,0dfe3ee1-5036-4085-804d-ffdf71fb9b91,Pz,theta,16.675
1763188671.0872,0dfe3ee1-5036-4085-804d-ffdf71fb9b91,Pz,alpha,6.656
1763188671.0872,0dfe3ee1-5036-4085-804d-ffdf71fb9b91,Pz,beta,3.641
1763188671.0872,0dfe3ee1-5036-4085-804d-ffdf71fb9b91,Pz,gamma,1.442
1763188671.2121,0dfe3ee1-5036-4085-804d-ffdf71fb9b91,AF3,delta,65.072
1763188671.2121,0dfe3ee1-5036-4085-804d-ffdf71fb9b91,AF3,theta,10.951
1763188671.2121,0dfe3ee1-5036-4085-804d-ffdf71fb9b91,AF3,alpha,5.995
1763188671.2121,0dfe3ee1-5036-4085-804d-ffdf71fb9b91,AF3,beta,2.014
1763188671.2121,0dfe3ee1-5036-4085-804d-ffdf71fb9b91,AF3,gamma,0.875
1763188671.2121,0dfe3ee1-5036-4085-804d-ffdf71fb9b91,AF4,delta,443.207
1763188671.2121,0dfe3ee1-5036-4085-804d-ffdf71fb9b91,AF4,theta,80.012
1763188671.2121,0dfe3ee1-5036-4085-804d-ffdf71fb9b91,AF4,alpha,24.641
1763188671.2121,0dfe3ee1-5036-4085-804d-ffdf71fb9b91,AF4,beta,138.205
1763188671.2121,0dfe3ee1-5036-4085-804d-ffdf71fb9b91,AF4,gamma,332.105
1763188671.2121,0dfe3ee1-5036-4085-804d-ffdf71fb9b91,T7,delta,0.804
1763188671.2121,0dfe3ee1-5036-4085-804d-ffdf71fb9b91,T7,theta,0.903
1763188671.2121,0dfe3ee1-5036-4085-804d-ffdf71fb9b91,T7,alpha,1.461
1763188671.2121,0dfe3ee1-5036-4085-804d-ffdf71fb9b91,T7,beta,12.752
1763188671.2121,0dfe3ee1-5036-4085-804d-ffdf71fb9b91,T7,gamma,6.064
1763188671.2121,0dfe3ee1-5036-4085-804d-ffdf71fb9b91,T8,delta,0.568
1763188671.2121,0dfe3ee1-5036-4085-804d-ffdf71fb9b91,T8,theta,0.116
1763188671.2121,0dfe3ee1-5036-4085-804d-ffdf71fb9b91,T8,alpha,0.064
1763188671.2121,0dfe3ee1-5036-4085-804d-ffdf71fb9b91,T8,beta,0.053
1763188671.2121,0dfe3ee1-5036-4085-804d-ffdf71fb9b91,T8,gamma,0.032
1763188671.2121,0dfe3ee1-5036-4085-804d-ffdf71fb9b91,Pz,delta,70.382
1763188671.2121,0dfe3ee1-5036-4085-804d-ffdf71fb9b91,Pz,theta,12.298
1763188671.2121,0dfe3ee1-5036-4085-804d-ffdf71fb9b91,Pz,alpha,6.239
1763188671.2121,0dfe3ee1-5036-4085-804d-ffdf71fb9b91,Pz,beta,2.789
1763188671.2121,0dfe3ee1-5036-4085-804d-ffdf71fb9b91,Pz,gamma,1.172
1763188671.3373,0dfe3ee1-5036-4085-804d-ffdf71fb9b91,AF3,delta,61.702
1763188671.3373,0dfe3ee1-5036-4085-804d-ffdf71fb9b91,AF3,theta,11.015
1763188671.3373,0dfe3ee1-5036-4085-804d-ffdf71fb9b91,AF3,alpha,6.049
1763188671.3373,0dfe3ee1-5036-4085-804d-ffdf71fb9b91,AF3,beta,1.8
1763188671.3373,0dfe3ee1-5036-4085-804d-ffdf71fb9b91,AF3,gamma,0.728
1763188671.3373,0dfe3ee1-5036-4085-804d-ffdf71fb9b91,AF4,delta,413.696
1763188671.3373,0dfe3ee1-5036-4085-804d-ffdf71fb9b91,AF4,theta,101.158
1763188671.3373,0dfe3ee1-5036-4085-804d-ffdf71fb9b91,AF4,alpha,27.241
1763188671.3373,0dfe3ee1-5036-4085-804d-ffdf71fb9b91,AF4,beta,135.871
1763188671.3373,0dfe3ee1-5036-4085-804d-ffdf71fb9b91,AF4,gamma,314.618
1763188671.3373,0dfe3ee1-5036-4085-804d-ffdf71fb9b91,T7,delta,0.662
1763188671.3373,0dfe3ee1-5036-4085-804d-ffdf71fb9b91,T7,theta,0.895
1763188671.3373,0dfe3ee1-5036-4085-804d-ffdf71fb9b91,T7,alpha,1.544
1763188671.3373,0dfe3ee1-5036-4085-804d-ffdf71fb9b91,T7,beta,15.623
1763188671.3373,0dfe3ee1-5036-4085-804d-ffdf71fb9b91,T7,gamma,7.256
1763188671.3373,0dfe3ee1-5036-4085-804d-ffdf71fb9b91,T8,delta,0.546
1763188671.3373,0dfe3ee1-5036-4085-804d-ffdf71fb9b91,T8,theta,0.116
1763188671.3373,0dfe3ee1-5036-4085-804d-ffdf71fb9b91,T8,alpha,0.071
1763188671.3373,0dfe3ee1-5036-4085-804d-ffdf71fb9b91,T8,beta,0.047
1763188671.3373,0dfe3ee1-5036-4085-804d-ffdf71fb9b91,T8,gamma,0.03
1763188671.3373,0dfe3ee1-5036-4085-804d-ffdf71fb9b91,Pz,delta,68.044
1763188671.3373,0dfe3ee1-5036-4085-804d-ffdf71fb9b91,Pz,theta,12.598
1763188671.3373,0dfe3ee1-5036-4085-804d-ffdf71fb9b91,Pz,alpha,6.038
1763188671.3373,0dfe3ee1-5036-4085-804d-ffdf71fb9b91,Pz,beta,2.579
1763188671.3373,0dfe3ee1-5036-4085-804d-ffdf71fb9b91,Pz,gamma,1.049
1763188671.462,0dfe3ee1-5036-4085-804d-ffdf71fb9b91,AF3,delta,54.391
1763188671.462,0dfe3ee1-5036-4085-804d-ffdf71fb9b91,AF3,theta,12.319
1763188671.462,0dfe3ee1-5036-4085-804d-ffdf71fb9b91,AF3,alpha,6.025
1763188671.462,0dfe3ee1-5036-4085-804d-ffdf71fb9b91,AF3,beta,1.734
1763188671.462,0dfe3ee1-5036-4085-804d-ffdf71fb9b91,AF3,gamma,0.677
1763188671.462,0dfe3ee1-5036-4085-804d-ffdf71fb9b91,AF4,delta,376.918
1763188671.462,0dfe3ee1-5036-4085-804d-ffdf71fb9b91,AF4,theta,117.407
1763188671.462,0dfe3ee1-5036-4085-804d-ffdf71fb9b91,AF4,alpha,29.557
1763188671.462,0dfe3ee1-5036-4085-804d-ffdf71fb9b91,AF4,beta,131.437
1763188671.462,0dfe3ee1-5036-4085-804d-ffdf71fb9b91,AF4,gamma,296.546
1763188671.462,0dfe3ee1-5036-4085-804d-ffdf71fb9b91,T7,delta,0.534
1763188671.462,0dfe3ee1-5036-4085-804d-ffdf71fb9b91,T7,theta,1.0
1763188671.462,0dfe3ee1-5036-4085-804d-ffdf71fb9b91,T7,alpha,1.654
1763188671.462,0dfe3ee1-5036-4085-804d-ffdf71fb9b91,T7,beta,17.703
1763188671.462,0dfe3ee1-5036-4085-804d-ffdf71fb9b91,T7,gamma,8.34
1763188671.462,0dfe3ee1-5036-4085-804d-ffdf71fb9b91,T8,delta,0.524
1763188671.462,0dfe3ee1-5036-4085-804d-ffdf71fb9b91,T8,theta,0.13
1763188671.462,0dfe3ee1-5036-4085-804d-ffdf71fb9b91,T8,alpha,0.084
1763188671.462,0dfe3ee1-5036-4085-804d-ffdf71fb9b91,T8,beta,0.044
1763188671.462,0dfe3ee1-5036-4085-804d-ffdf71fb9b91,T8,gamma,0.03
1763188671.462,0dfe3ee1-5036-4085-804d-ffdf71fb9b91,Pz,delta,60.912
1763188671.462,0dfe3ee1-5036-4085-804d-ffdf71fb9b91,Pz,theta,14.29
1763188671.462,0dfe3ee1-5036-4085-804d-ffdf71fb9b91,Pz,alpha,5.973
1763188671.462,0dfe3ee1-5036-4085-804d-ffdf71fb9b91,Pz,beta,2.554
1763188671.462,0dfe3ee1-5036-4085-804d-ffdf71fb9b91,Pz,gamma,1.021
1763188671.5871,0dfe3ee1-5036-4085-804d-ffdf71fb9b91,AF3,delta,51.16
1763188671.5871,0dfe3ee1-5036-4085-804d-ffdf71fb9b91,AF3,theta,14.955
1763188671.5871,0dfe3ee1-5036-4085-804d-ffdf71fb9b91,AF3,alpha,6.113
1763188671.5871,0dfe3ee1-5036-4085-804d-ffdf71fb9b91,AF3,beta,1.707
1763188671.5871,0dfe3ee1-5036-4085-804d-ffdf71fb9b91,AF3,gamma,0.692
1763188671.5871,0dfe3ee1-5036-4085-804d-ffdf71fb9b91,AF4,delta,346.878
1763188671.5871,0dfe3ee1-5036-4085-804d-ffdf71fb9b91,AF4,theta,124.306
1763188671.5871,0dfe3ee1-5036-4085-804d-ffdf71fb9b91,AF4,alpha,30.908
1763188671.5871,0dfe3ee1-5036-4085-804d-ffdf71fb9b91,AF4,beta,126.809
1763188671.5871,0dfe3ee1-5036-4085-804d-ffdf71fb9b91,AF4,gamma,280.237
1763188671.5871,0dfe3ee1-5036-4085-804d-ffdf71fb9b91,T7,delta,0.44
1763188671.5871,0dfe3ee1-5036-4085-804d-ffdf71fb9b91,T7,theta,1.296
1763188671.5871,0dfe3ee1-5036-4085-804d-ffdf71fb9b91,T7,alpha,1.785
1763188671.5871,0dfe3ee1-5036-4085-804d-ffdf71fb9b91,T7,beta,18.714
1763188671.5871,0dfe3ee1-5036-4085-804d-ffdf71fb9b91,T7,gamma,9.114
1763188671.5871,0dfe3ee1-5036-4085-804d-ffdf71fb9b91,T8,delta,0.48
1763188671.5871,0dfe3ee1-5036-4085-804d-ffdf71fb9b91,T8,theta,0.158
1763188671.5871,0dfe3ee1-5036-4085-804d-ffdf71fb9b91,T8,alpha,0.102
1763188671.5871,0dfe3ee1-5036-4085-804d-ffdf71fb9b91,T8,beta,0.045
1763188671.5871,0dfe3ee1-5036-4085-804d-ffdf71fb9b91,T8,gamma,0.031
1763188671.5871,0dfe3ee1-5036-4085-804d-ffdf71fb9b91,Pz,delta,57.907
1763188671.5871,0dfe3ee1-5036-4085-804d-ffdf71fb9b91,Pz,theta,17.262
1763188671.5871,0dfe3ee1-5036-4085-804d-ffdf71fb9b91,Pz,alpha,6.088
1763188671.5871,0dfe3ee1-5036-4085-804d-ffdf71fb9b91,Pz,beta,2.609
1763188671.5871,0dfe3ee1-5036-4085-804d-ffdf71fb9b91,Pz,gamma,1.028
1763188671.7121,0dfe3ee1-5036-4085-804d-ffdf71fb9b91,AF3,delta,41.617
1763188671.7121,0dfe3ee1-5036-4085-804d-ffdf71fb9b91,AF3,theta,19.289
1763188671.7121,0dfe3ee1-5036-4085-804d-ffdf71fb9b91,AF3,alpha,6.444
1763188671.7121,0dfe3ee1-5036-4085-804d-ffdf71fb9b91,AF3,beta,1.672
1763188671.7121,0dfe3ee1-5036-4085-804d-ffdf71fb9b91,AF3,gamma,0.738
1763188671.7121,0dfe3ee1-5036-4085-804d-ffdf71fb9b91,AF4,delta,332.849
1763188671.7121,0dfe3ee1-5036-4085-804d-ffdf71fb9b91,AF4,theta,120.016
1763188671.7121,0dfe3ee1-5036-4085-804d-ffdf71fb9b91,AF4,alpha,30.902
1763188671.7121,0dfe3ee1-5036-4085-804d-ffdf71fb9b91,AF4,beta,123.807
1763188671.7121,0dfe3ee1-5036-4085-804d-ffdf71fb9b91,AF4,gamma,268.161
1763188671.7121,0dfe3ee1-5036-4085-804d-ffdf71fb9b91,T7,delta,0.42
1763188671.7121,0dfe3ee1-5036-4085-804d-ffdf71fb9b91,T7,theta,1.824
1763188671.7121,0dfe3ee1-5036-4085-804d-ffdf71fb9b91,T7,alpha,1.905
1763188671.7121,0dfe3ee1-5036-4085-804d-ffdf71fb9b91,T7,beta,18.867
1763188671.7121,0dfe3ee1-5036-4085-804d-ffdf71fb9b91,T7,gamma,9.504
1763188671.7121,0dfe3ee1-5036-4085-804d-ffdf71fb9b91,T8,delta,0.395
1763188671.7121,0dfe3ee1-5036-4085-804d-ffdf71fb9b91,T8,theta,0.207
1763188671.7121,0dfe3ee1-5036-4085-804d-ffdf71fb9b91,T8,alpha,0.125
1763188671.7121,0dfe3ee1-5036-4085-804d-ffdf71fb9b91,T8,beta,0.05
1763188671.7121,0dfe3ee1-5036-4085-804d-ffdf71fb9b91,T8,gamma,0.033
1763188671.7121,0dfe3ee1-5036-4085-804d-ffdf71fb9b91,Pz,delta,47.504
1763188671.7121,0dfe3ee1-5036-4085-804d-ffdf71fb9b91,Pz,theta,21.76
1763188671.7121,0dfe3ee1-5036-4085-804d-ffdf71fb9b91,Pz,alpha,6.395
1763188671.7121,0dfe3ee1-5036-4085-804d-ffdf71fb9b91,Pz,beta,2.713
1763188671.7121,0dfe3ee1-5036-4085-804d-ffdf71fb9b91,Pz,gamma,1.024
1763188671.8373,0dfe3ee1-5036-4085-804d-ffdf71fb9b91,AF3,delta,37.242
1763188671.8373,0dfe3ee1-5036-4085-804d-ffdf71fb9b91,AF3,theta,24.703
1763188671.8373,0dfe3ee1-5036-4085-804d-ffdf71fb9b91,AF3,alpha,7.223
1763188671.8373,0dfe3ee1-5036-4085-804d-ffdf71fb9b91,AF3,beta,1.606
1763188671.8373,0dfe3ee1-5036-4085-804d-ffdf71fb9b91,AF3,gamma,0.782
1763188671.8373,0dfe3ee1-5036-4085-804d-ffdf71fb9b91,AF4,delta,336.778
1763188671.8373,0dfe3ee1-5036-4085-804d-ffdf71fb9b91,AF4,theta,106.302
1763188671.8373,0dfe3ee1-5036-4085-804d-ffdf71fb9b91,AF4,alpha,29.636
1763188671.8373,0dfe3ee1-5036-4085-804d-ffdf71fb9b91,AF4,beta,123.818
1763188671.8373,0dfe3ee1-5036-4085-804d-ffdf71fb9b91,AF4,gamma,262.808
1763188671.8373,0dfe3ee1-5036-4085-804d-ffdf71fb9b91,T7,delta,0.451
1763188671.8373,0dfe3ee1-5036-4085-804d-ffdf71fb9b91,T7,theta,2.485
1763188671.8373,0dfe3ee1-5036-4085-804d-ffdf71fb9b91,T7,alpha,1.979
1763188671.8373,0dfe3ee1-5036-4085-804d-ffdf71fb9b91,T7,beta,18.553
1763188671.8373,0dfe3ee1-5036-4085-804d-ffdf71fb9b91,T7,gamma,9.523
1763188671.8373,0dfe3ee1-5036-4085-804d-ffdf71fb9b91,T8,delta,0.347
1763188671.8373,0dfe3ee1-5036-4085-804d-ffdf71fb9b91,T8,theta,0.274
1763188671.8373,0dfe3ee1-5036-4085-804d-ffdf71fb9b91,T8,alpha,0.149
1763188671.8373,0dfe3ee1-5036-4085-804d-ffdf71fb9b91,T8,beta,0.06
1763188671.8373,0dfe3ee1-5036-4085-804d-ffdf71fb9b91,T8,gamma,0.035
1763188671.8373,0dfe3ee1-5036-4085-804d-ffdf71fb9b91,Pz,delta,43.035
1763188671.8373,0dfe3ee1-5036-4085-804d-ffdf71fb9b91,Pz,theta,27.105
1763188671.8373,0dfe3ee1-5036-4085-804d-ffdf71fb9b91,Pz,alpha,7.036
1763188671.8373,0dfe3ee1-5036-4085-804d-ffdf71fb9b91,Pz,beta,2.809
1763188671.8373,0dfe3ee1-5036-4085-804d-ffdf71fb9b91,Pz,gamma,0.984
1763188671.9625,0dfe3ee1-5036-4085-804d-ffdf71fb9b91,AF3,delta,40.996
1763188671.9625,0dfe3ee1-5036-4085-804d-ffdf71fb9b91,AF3,theta,30.086
1763188671.9625,0dfe3ee1-5036-4085-804d-ffdf71fb9b91,AF3,alpha,8.552
1763188671.9625,0dfe3ee1-5036-4085-804d-ffdf71fb9b91,AF3,beta,1.532
1763188671.9625,0dfe3ee1-5036-4085-804d-ffdf71fb9b91,AF3,gamma,0.797
1763188671.9625,0dfe3ee1-5036-4085-804d-ffdf71fb9b91,AF4,delta,353.707
1763188671.9625,0dfe3ee1-5036-4085-804d-ffdf71fb9b91,AF4,theta,87.554
1763188671.9625,0dfe3ee1-5036-4085-804d-ffdf71fb9b91,AF4,alpha,27.906
1763188671.9625,0dfe3ee1-5036-4085-804d-ffdf71fb9b91,AF4,beta,127.522
1763188671.9625,0dfe3ee1-5036-4085-804d-ffdf71fb9b91,AF4,gamma,265.973
1763188671.9625,0dfe3ee1-5036-4085-804d-ffdf71fb9b91,T7,delta,0.522
1763188671.9625,0dfe3ee1-5036-4085-804d-ffdf71fb9b91,T7,theta,3.082
1763188671.9625,0dfe3ee1-5036-4085-804d-ffdf71fb9b91,T7,alpha,1.988
1763188671.9625,0dfe3ee1-5036-4085-804d-ffdf71fb9b91,T7,beta,17.97
1763188671.9625,0dfe3ee1-5036-4085-804d-ffdf71fb9b91,T7,gamma,9.213
1763188671.9625,0dfe3ee1-5036-4085-804d-ffdf71fb9b91,T8,delta,0.379
1763188671.9625,0dfe3ee1-5036-4085-804d-ffdf71fb9b91,T8,theta,0.346
1763188671.9625,0dfe3ee1-5036-4085-804d-ffdf71fb9b91,T8,alpha,0.175
1763188671.9625,0dfe3ee1-5036-4085-804d-ffdf71fb9b91,T8,beta,0.069
1763188671.9625,0dfe3ee1-5036-4085-804d-ffdf71fb9b91,T8,gamma,0.036
1763188671.9625,0dfe3ee1-5036-4085-804d-ffdf71fb9b91,Pz,delta,46.789
1763188671.9625,0dfe3ee1-5036-4085-804d-ffdf71fb9b91,Pz,theta,32.291
1763188671.9625,0dfe3ee1-5036-4085-804d-ffdf71fb9b91,Pz,alpha,8.133
1763188671.9625,0dfe3ee1-5036-4085-804d-ffdf71fb9b91,Pz,beta,2.853
1763188671.9625,0dfe3ee1-5036-4085-804d-ffdf71fb9b91,Pz,gamma,0.903
1763188672.0871,0dfe3ee1-5036-4085-804d-ffdf71fb9b91,AF3,delta,58.618
1763188672.0871,0dfe3ee1-5036-4085-804d-ffdf71fb9b91,AF3,theta,34.647
1763188672.0871,0dfe3ee1-5036-4085-804d-ffdf71fb9b91,AF3,alpha,10.188
1763188672.0871,0dfe3ee1-5036-4085-804d-ffdf71fb9b91,AF3,beta,1.499
1763188672.0871,0dfe3ee1-5036-4085-804d-ffdf71fb9b91,AF3,gamma,0.769
1763188672.0871,0dfe3ee1-5036-4085-804d-ffdf71fb9b91,AF4,delta,374.978
1763188672.0871,0dfe3ee1-5036-4085-804d-ffdf71fb9b91,AF4,theta,69.109
1763188672.0871,0dfe3ee1-5036-4085-804d-ffdf71fb9b91,AF4,alpha,26.578
1763188672.0871,0dfe3ee1-5036-4085-804d-ffdf71fb9b91,AF4,beta,134.438
1763188672.0871,0dfe3ee1-5036-4085-804d-ffdf71fb9b91,AF4,gamma,277.43
1763188672.0871,0dfe3ee1-5036-4085-804d-ffdf71fb9b91,T7,delta,0.598
1763188672.0871,0dfe3ee1-5036-4085-804d-ffdf71fb9b91,T7,theta,3.396
1763188672.0871,0dfe3ee1-5036-4085-804d-ffdf71fb9b91,T7,alpha,1.922
1763188672.0871,0dfe3ee1-5036-4085-804d-ffdf71fb9b91,T7,beta,17.111
1763188672.0871,0dfe3ee1-5036-4085-804d-ffdf71fb9b91,T7,gamma,8.662
1763188672.0871,0dfe3ee1-5036-4085-804d-ffdf71fb9b91,T8,delta,0.53
1763188672.0871,0dfe3ee1-5036-4085-804d-ffdf71fb9b91,T8,theta,0.415
1763188672.0871,0dfe3ee1-5036-4085-804d-ffdf71fb9b91,T8,alpha,0.197
1763188672.0871,0dfe3ee1-5036-4085-804d-ffdf71fb9b91,T8,beta,0.077
1763188672.0871,0dfe3ee1-5036-4085-804d-ffdf71fb9b91,T8,gamma,0.036
1763188672.0871,0dfe3ee1-5036-4085-804d-ffdf71fb9b91,Pz,delta,65.324
1763188672.0871,0dfe3ee1-5036-4085-804d-ffdf71fb9b91,Pz,theta,36.68
1763188672.0871,0dfe3ee1-5036-4085-804d-ffdf71fb9b91,Pz,alpha,9.539
1763188672.0871,0dfe3ee1-5036-4085-804d-ffdf71fb9b91,Pz,beta,2.834
1763188672.0871,0dfe3ee1-5036-4085-804d-ffdf71fb9b91,Pz,gamma,0.796
1763188672.2115,0dfe3ee1-5036-4085-804d-ffdf71fb9b91,AF3,delta,86.121
1763188672.2115,0dfe3ee1-5036-4085-804d-ffdf71fb9b91,AF3,theta,38.342
1763188672.2115,0dfe3ee1-5036-4085-804d-ffdf71fb9b91,AF3,alpha,11.658
1763188672.2115,0dfe3ee1-5036-4085-804d-ffdf71fb9b91,AF3,beta,1.537
1763188672.2115,0dfe3ee1-5036-4085-804d-ffdf71fb9b91,AF3,gamma,0.7
1763188672.2115,0dfe3ee1-5036-4085-804d-ffdf71fb9b91,AF4,delta,392.532
1763188672.2115,0dfe3ee1-5036-4085-804d-ffdf71fb9b91,AF4,theta,54.948
1763188672.2115,0dfe3ee1-5036-4085-804d-ffdf71fb9b91,AF4,alpha,25.593
1763188672.2115,0dfe3ee1-5036-4085-804d-ffdf71fb9b91,AF4,beta,142.643
1763188672.2115,0dfe3ee1-5036-4085-804d-ffdf71fb9b91,AF4,gamma,293.728
1763188672.2115,0dfe3ee1-5036-4085-804d-ffdf71fb9b91,T7,delta,0.658
1763188672.2115,0dfe3ee1-5036-4085-804d-ffdf71fb9b91,T7,theta,3.297
1763188672.2115,0dfe3ee1-5036-4085-804d-ffdf71fb9b91,T7,alpha,1.795
1763188672.2115,0dfe3ee1-5036-4085-804d-ffdf71fb9b91,T7,beta,15.782
1763188672.2115,0dfe3ee1-5036-4085-804d-ffdf71fb9b91,T7,gamma,7.93
1763188672.2115,0dfe3ee1-5036-4085-804d-ffdf71fb9b91,T8,delta,0.77
1763188672.2115,0dfe3ee1-5036-4085-804d-ffdf71fb9b91,T8,theta,0.478
1763188672.2115,0dfe3ee1-5036-4085-804d-ffdf71fb9b91,T8,alpha,0.213
1763188672.2115,0dfe3ee1-5036-4085-804d-ffdf71fb9b91,T8,beta,0.081
1763188672.2115,0dfe3ee1-5036-4085-804d-ffdf71fb9b91,T8,gamma,0.035
1763188672.2115,0dfe3ee1-5036-4085-804d-ffdf71fb9b91,Pz,delta,93.72
1763188672.2115,0dfe3ee1-5036-4085-804d-ffdf71fb9b91,Pz,theta,40.369
1763188672.2115,0dfe3ee1-5036-4085-804d-ffdf71fb9b91,Pz,alpha,10.935
1763188672.2115,0dfe3ee1-5036-4085-804d-ffdf71fb9b91,Pz,beta,2.759
1763188672.2115,0dfe3ee1-5036-4085-804d-ffdf71fb9b91,Pz,gamma,0.69
1763188672.3368,0dfe3ee1-5036-4085-804d-ffdf71fb9b91,AF3,delta,120.641
1763188672.3368,0dfe3ee1-5036-4085-804d-ffdf71fb9b91,AF3,theta,41.71
1763188672.3368,0dfe3ee1-5036-4085-804d-ffdf71fb9b91,AF3,alpha,12.615
1763188672.3368,0dfe3ee1-5036-4085-804d-ffdf71fb9b91,AF3,beta,1.625
1763188672.3368,0dfe3ee1-5036-4085-804d-ffdf71fb9b91,AF3,gamma,0.612
1763188672.3368,0dfe3ee1-5036-4085-804d-ffdf71fb9b91,AF4,delta,399.404
1763188672.3368,0dfe3ee1-5036-4085-804d-ffdf71fb9b91,AF4,theta,46.232
1763188672.3368,0dfe3ee1-5036-4085-804d-ffdf71fb9b91,AF4,alpha,24.435
1763188672.3368,0dfe3ee1-5036-4085-804d-ffdf71fb9b91,AF4,beta,149.105
1763188672.3368,0dfe3ee1-5036-4085-804d-ffdf71fb9b91,AF4,gamma,309.145
1763188672.3368,0dfe3ee1-5036-4085-804d-ffdf71fb9b91,T7,delta,0.681
1763188672.3368,0dfe3ee1-5036-4085-804d-ffdf71fb9b91,T7,theta,2.827
1763188672.3368,0dfe3ee1-5036-4085-804d-ffdf71fb9b91,T7,alpha,1.627
1763188672.3368,0dfe3ee1-5036-4085-804d-ffdf71fb9b91,T7,beta,13.79
1763188672.3368,0dfe3ee1-5036-4085-804d-ffdf71fb9b91,T7,gamma,7.037
1763188672.3368,0dfe3ee1-5036-4085-804d-ffdf71fb9b91,T8,delta,1.053
1763188672.3368,0dfe3ee1-5036-4085-804d-ffdf71fb9b91,T8,theta,0.535
1763188672.3368,0dfe3ee1-5036-4085-804d-ffdf71fb9b91,T8,alpha,0.218
1763188672.3368,0dfe3ee1-5036-4085-804d-ffdf71fb9b91,T8,beta,0.08
1763188672.3368,0dfe3ee1-5036-4085-804d-ffdf71fb9b91,T8,gamma,0.036
1763188672.3368,0dfe3ee1-5036-4085-804d-ffdf71fb9b91,Pz,delta,129.683
1763188672.3368,0dfe3ee1-5036-4085-804d-ffdf71fb9b91,Pz,theta,43.981
1763188672.3368,0dfe3ee1-5036-4085-804d-ffdf71fb9b91,Pz,alpha,12.044
1763188672.3368,0dfe3ee1-5036-4085-804d-ffdf71fb9b91,Pz,beta,2.636
1763188672.3368,0dfe3ee1-5036-4085-804d-ffdf71fb9b91,Pz,gamma,0.609
1763188672.4616,0dfe3ee1-5036-4085-804d-ffdf71fb9b91,AF3,delta,151.612
1763188672.4616,0dfe3ee1-5036-4085-804d-ffdf71fb9b91,AF3,theta,46.257
1763188672.4616,0dfe3ee1-5036-4085-804d-ffdf71fb9b91,AF3,alpha,12.775
1763188672.4616,0dfe3ee1-5036-4085-804d-ffdf71fb9b91,AF3,beta,1.706
1763188672.4616,0dfe3ee1-5036-4085-804d-ffdf71fb9b91,AF3,gamma,0.536
1763188672.4616,0dfe3ee1-5036-4085-804d-ffdf71fb9b91,AF4,delta,390.971
1763188672.4616,0dfe3ee1-5036-4085-804d-ffdf71fb9b91,AF4,theta,41.685
1763188672.4616,0dfe3ee1-5036-4085-804d-ffdf71fb9b91,AF4,alpha,23.032
1763188672.4616,0dfe3ee1-5036-4085-804d-ffdf71fb9b91,AF4,beta,151.324
1763188672.4616,0dfe3ee1-5036-4085-804d-ffdf71fb9b91,AF4,gamma,318.187
1763188672.4616,0dfe3ee1-5036-4085-804d-ffdf71fb9b91,T7,delta,0.663
1763188672.4616,0dfe3ee1-5036-4085-804d-ffdf71fb9b91,T7,theta,2.182
1763188672.4616,0dfe3ee1-5036-4085-804d-ffdf71fb9b91,T7,alpha,1.438
1763188672.4616,0dfe3ee1-5036-4085-804d-ffdf71fb9b91,T7,beta,11.166
1763188672.4616,0dfe3ee1-5036-4085-804d-ffdf71fb9b91,T7,gamma,6.014
1763188672.4616,0dfe3ee1-5036-4085-804d-ffdf71fb9b91,T8,delta,1.289
1763188672.4616,0dfe3ee1-5036-4085-804d-ffdf71fb9b91,T8,theta,0.596
1763188672.4616,0dfe3ee1-5036-4085-804d-ffdf71fb9b91,T8,alpha,0.212
1763188672.4616,0dfe3ee1-5036-4085-804d-ffdf71fb9b91,T8,beta,0.077
1763188672.4616,0dfe3ee1-5036-4085-804d-ffdf71fb9b91,T8,gamma,0.039
1763188672.4616,0dfe3ee1-5036-4085-804d-ffdf71fb9b91,Pz,delta,162.044
1763188672.4616,0dfe3ee1-5036-4085-804d-ffdf71fb9b91,Pz,theta,49.232
1763188672.4616,0dfe3ee1-5036-4085-804d-ffdf71fb9b91,Pz,alpha,12.542
1763188672.4616,0dfe3ee1-5036-4085-804d-ffdf71fb9b91,Pz,beta,2.476
1763188672.4616,0dfe3ee1-5036-4085-804d-ffdf71fb9b91,Pz,gamma,0.57
1763188672.5864,0dfe3ee1-5036-4085-804d-ffdf71fb9b91,AF3,delta,173.86
1763188672.5864,0dfe3ee1-5036-4085-804d-ffdf71fb9b91,AF3,theta,53.838
1763188672.5864,0dfe3ee1-5036-4085-804d-ffdf71fb9b91,AF3,alpha,11.998
1763188672.5864,0dfe3ee1-5036-4085-804d-ffdf71fb9b91,AF3,beta,1.724
1763188672.5864,0dfe3ee1-5036-4085-804d-ffdf71fb9b91,AF3,gamma,0.501
1763188672.5864,0dfe3ee1-5036-4085-804d-ffdf71fb9b91,AF4,delta,368.417
1763188672.5864,0dfe3ee1-5036-4085-804d-ffdf71fb9b91,AF4,theta,38.928
1763188672.5864,0dfe3ee1-5036-4085-804d-ffdf71fb9b91,AF4,alpha,21.488
1763188672.5864,0dfe3ee1-5036-4085-804d-ffdf71fb9b91,AF4,beta,148.85
1763188672.5864,0dfe3ee1-5036-4085-804d-ffdf71fb9b91,AF4,gamma,318.079
1763188672.5864,0dfe3ee1-5036-4085-804d-ffdf71fb9b91,T7,delta,0.613
1763188672.5864,0dfe3ee1-5036-4085-804d-ffdf71fb9b91,T7,theta,1.617
1763188672.5864,0dfe3ee1-5036-4085-804d-ffdf71fb9b91,T7,alpha,1.23
1763188672.5864,0dfe3ee1-5036-4085-804d-ffdf71fb9b91,T7,beta,8.379
1763188672.5864,0dfe3ee1-5036-4085-804d-ffdf71fb9b91,T7,gamma,5.001
1763188672.5864,0dfe3ee1-5036-4085-804d-ffdf71fb9b91,T8,delta,1.416
1763188672.5864,0dfe3ee1-5036-4085-804d-ffdf71fb9b91,T8,theta,0.671
1763188672.5864,0dfe3ee1-5036-4085-804d-ffdf71fb9b91,T8,alpha,0.196
1763188672.5864,0dfe3ee1-5036-4085-804d-ffdf71fb9b91,T8,beta,0.075
1763188672.5864,0dfe3ee1-5036-4085-804d-ffdf71fb9b91,T8,gamma,0.043
1763188672.5864,0dfe3ee1-5036-4085-804d-ffdf71fb9b91,Pz,delta,186.543
1763188672.5864,0dfe3ee1-5036-4085-804d-ffdf71fb9b91,Pz,theta,58.153
1763188672.5864,0dfe3ee1-5036-4085-804d-ffdf71fb9b91,Pz,alpha,12.159
1763188672.5864,0dfe3ee1-5036-4085-804d-ffdf71fb9b91,Pz,beta,2.289
1763188672.5864,0dfe3ee1-5036-4085-804d-ffdf71fb9b91,Pz,gamma,0.574
1763188672.7113,0dfe3ee1-5036-4085-804d-ffdf71fb9b91,AF3,delta,179.403
1763188672.7113,0dfe3ee1-5036-4085-804d-ffdf71fb9b91,AF3,theta,64.651
1763188672.7113,0dfe3ee1-5036-4085-804d-ffdf71fb9b91,AF3,alpha,10.59
1763188672.7113,0dfe3ee1-5036-4085-804d-ffdf71fb9b91,AF3,beta,1.693
1763188672.7113,0dfe3ee1-5036-4085-804d-ffdf71fb9b91,AF3,gamma,0.516
1763188672.7113,0dfe3ee1-5036-4085-804d-ffdf71fb9b91,AF4,delta,340.148
1763188672.7113,0dfe3ee1-5036-4085-804d-ffdf71fb9b91,AF4,theta,36.533
1763188672.7113,0dfe3ee1-5036-4085-804d-ffdf71fb9b91,AF4,alpha,19.994
1763188672.7113,0dfe3ee1-5036-4085-804d-ffdf71fb9b91,AF4,beta,143.648
1763188672.7113,0dfe3ee1-5036-4085-804d-ffdf71fb9b91,AF4,gamma,309.613
1763188672.7113,0dfe3ee1-5036-4085-804d-ffdf71fb9b91,T7,delta,0.559
1763188672.7113,0dfe3ee1-5036-4085-804d-ffdf71fb9b91,T7,theta,1.315
1763188672.7113,0dfe3ee1-5036-4085-804d-ffdf71fb9b91,T7,alpha,1.003
1763188672.7113,0dfe3ee1-5036-4085-804d-ffdf71fb9b91,T7,beta,6.284
1763188672.7113,0dfe3ee1-5036-4085-804d-ffdf71fb9b91,T7,gamma,4.279
1763188672.7113,0dfe3ee1-5036-4085-804d-ffdf71fb9b91,T8,delta,1.391
1763188672.7113,0dfe3ee1-5036-4085-804d-ffdf71fb9b91,T8,theta,0.757
1763188672.7113,0dfe3ee1-5036-4085-804d-ffdf71fb9b91,T8,alpha,0.173
1763188672.7113,0dfe3ee1-5036-4085-804d-ffdf71fb9b91,T8,beta,0.074
1763188672.7113,0dfe3ee1-5036-4085-804d-ffdf71fb9b91,T8,gamma,0.049
1763188672.7113,0dfe3ee1-5036-4085-804d-ffdf71fb9b91,Pz,delta,195.178
1763188672.7113,0dfe3ee1-5036-4085-804d-ffdf71fb9b91,Pz,theta,70.865
1763188672.7113,0dfe3ee1-5036-4085-804d-ffdf71fb9b91,Pz,alpha,11.031
1763188672.7113,0dfe3ee1-5036-4085-804d-ffdf71fb9b91,Pz,beta,2.14
1763188672.7113,0dfe3ee1-5036-4085-804d-ffdf71fb9b91,Pz,gamma,0.61
1763188672.8365,0dfe3ee1-5036-4085-804d-ffdf71fb9b91,AF3,delta,174.58
1763188672.8365,0dfe3ee1-5036-4085-804d-ffdf71fb9b91,AF3,theta,76.354
1763188672.8365,0dfe3ee1-5036-4085-804d-ffdf71fb9b91,AF3,alpha,9.026
1763188672.8365,0dfe3ee1-5036-4085-804d-ffdf71fb9b91,AF3,beta,1.661
1763188672.8365,0dfe3ee1-5036-4085-804d-ffdf71fb9b91,AF3,gamma,0.573
1763188672.8365,0dfe3ee1-5036-4085-804d-ffdf71fb9b91,AF4,delta,318.419
1763188672.8365,0dfe3ee1-5036-4085-804d-ffdf71fb9b91,AF4,theta,34.685
1763188672.8365,0dfe3ee1-5036-4085-804d-ffdf71fb9b91,AF4,alpha,18.653
1763188672.8365,0dfe3ee1-5036-4085-804d-ffdf71fb9b91,AF4,beta,138.497
1763188672.8365,0dfe3ee1-5036-4085-804d-ffdf71fb9b91,AF4,gamma,295.986
1763188672.8365,0dfe3ee1-5036-4085-804d-ffdf71fb9b91,T7,delta,0.521
1763188672.8365,0dfe3ee1-5036-4085-804d-ffdf71fb9b91,T7,theta,1.316
1763188672.8365,0dfe3ee1-5036-4085-804d-ffdf71fb9b91,T7,alpha,0.787
1763188672.8365,0dfe3ee1-5036-4085-804d-ffdf71fb9b91,T7,beta,5.731
1763188672.8365,0dfe3ee1-5036-4085-804d-ffdf71fb9b91,T7,gamma,4.161
1763188672.8365,0dfe3ee1-5036-4085-804d-ffdf71fb9b91,T8,delta,1.251
1763188672.8365,0dfe3ee1-5036-4085-804d-ffdf71fb9b91,T8,theta,0.831
1763188672.8365,0dfe3ee1-5036-4085-804d-ffdf71fb9b91,T8,alpha,0.147
1763188672.8365,0dfe3ee1-5036-4085-804d-ffdf71fb9b91,T8,beta,0.076
1763188672.8365,0dfe3ee1-5036-4085-804d-ffdf71fb9b91,T8,gamma,0.053
1763188672.8365,0dfe3ee1-5036-4085-804d-ffdf71fb9b91,Pz,delta,194.344
1763188672.8365,0dfe3ee1-5036-4085-804d-ffdf71fb9b91,Pz,theta,84.648
1763188672.8365,0dfe3ee1-5036-4085-804d-ffdf71fb9b91,Pz,alpha,9.55
1763188672.8365,0dfe3ee1-5036-4085-804d-ffdf71fb9b91,Pz,beta,2.089
1763188672.8365,0dfe3ee1-5036-4085-804d-ffdf71fb9b91,Pz,gamma,0.667
1763188672.9615,0dfe3ee1-5036-4085-804d-ffdf71fb9b91,AF3,delta,171.315
1763188672.9615,0dfe3ee1-5036-4085-804d-ffdf71fb9b91,AF3,theta,86.339
1763188672.9615,0dfe3ee1-5036-4085-804d-ffdf71fb9b91,AF3,alpha,8.218
1763188672.9615,0dfe3ee1-5036-4085-804d-ffdf71fb9b91,AF3,beta,1.713
1763188672.9615,0dfe3ee1-5036-4085-804d-ffdf71fb9b91,AF3,gamma,0.659
1763188672.9615,0dfe3ee1-5036-4085-804d-ffdf71fb9b91,AF4,delta,312.643
1763188672.9615,0dfe3ee1-5036-4085-804d-ffdf71fb9b91,AF4,theta,33.758
1763188672.9615,0dfe3ee1-5036-4085-804d-ffdf71fb9b91,AF4,alpha,17.718
1763188672.9615,0dfe3ee1-5036-4085-804d-ffdf71fb9b91,AF4,beta,135.181
1763188672.9615,0dfe3ee1-5036-4085-804d-ffdf71fb9b91,AF4,gamma,280.92
1763188672.9615,0dfe3ee1-5036-4085-804d-ffdf71fb9b91,T7,delta,0.512
1763188672.9615,0dfe3ee1-5036-4085-804d-ffdf71fb9b91,T7,theta,1.516
1763188672.9615,0dfe3ee1-5036-4085-804d-ffdf71fb9b91,T7,alpha,0.629
1763188672.9615,0dfe3ee1-5036-4085-804d-ffdf71fb9b91,T7,beta,7.031
1763188672.9615,0dfe3ee1-5036-4085-804d-ffdf71fb9b91,T7,gamma,4.778
1763188672.9615,0dfe3ee1-5036-4085-804d-ffdf71fb9b91,T8,delta,1.11
1763188672.9615,0dfe3ee1-5036-4085-804d-ffdf71fb9b91,T8,theta,0.883
1763188672.9615,0dfe3ee1-5036-4085-804d-ffdf71fb9b91,T8,alpha,0.134
1763188672.9615,0dfe3ee1-5036-4085-804d-ffdf71fb9b91,T8,beta,0.082
1763188672.9615,0dfe3ee1-5036-4085-804d-ffdf71fb9b91,T8,gamma,0.054
1763188672.9615,0dfe3ee1-5036-4085-804d-ffdf71fb9b91,Pz,delta,195.609
1763188672.9615,0dfe3ee1-5036-4085-804d-ffdf71fb9b91,Pz,theta,96.267
1763188672.9615,0dfe3ee1-5036-4085-804d-ffdf71fb9b91,Pz,alpha,8.717
1763188672.9615,0dfe3ee1-5036-4085-804d-ffdf71fb9b91,Pz,beta,2.213
1763188672.9615,0dfe3ee1-5036-4085-804d-ffdf71fb9b91,Pz,gamma,0.742
1763188673.0868,0dfe3ee1-5036-4085-804d-ffdf71fb9b91,AF3,delta,193.954
1763188673.0868,0dfe3ee1-5036-4085-804d-ffdf71fb9b91,AF3,theta,93.295
1763188673.0868,0dfe3ee1-5036-4085-804d-ffdf71fb9b91,AF3,alpha,9.149
1763188673.0868,0dfe3ee1-5036-4085-804d-ffdf71fb9b91,AF3,beta,2.035
1763188673.0868,0dfe3ee1-5036-4085-804d-ffdf71fb9b91,AF3,gamma,0.772
1763188673.0868,0dfe3ee1-5036-4085-804d-ffdf71fb9b91,AF4,delta,324.736
1763188673.0868,0dfe3ee1-5036-4085-804d-ffdf71fb9b91,AF4,theta,33.9
1763188673.0868,0dfe3ee1-5036-4085-804d-ffdf71fb9b91,AF4,alpha,17.538
1763188673.0868,0dfe3ee1-5036-4085-804d-ffdf71fb9b91,AF4,beta,133.354
1763188673.0868,0dfe3ee1-5036-4085-804d-ffdf71fb9b91,AF4,gamma,266.99
1763188673.0868,0dfe3ee1-5036-4085-804d-ffdf71fb9b91,T7,delta,0.521
1763188673.0868,0dfe3ee1-5036-4085-804d-ffdf71fb9b91,T7,theta,1.747
1763188673.0868,0dfe3ee1-5036-4085-804d-ffdf71fb9b91,T7,alpha,0.582
1763188673.0868,0dfe3ee1-5036-4085-804d-ffdf71fb9b91,T7,beta,9.564
1763188673.0868,0dfe3ee1-5036-4085-804d-ffdf71fb9b91,T7,gamma,5.904
1763188673.0868,0dfe3ee1-5036-4085-804d-ffdf71fb9b91,T8,delta,1.123
1763188673.0868,0dfe3ee1-5036-4085-804d-ffdf71fb9b91,T8,theta,0.924
1763188673.0868,0dfe3ee1-5036-4085-804d-ffdf71fb9b91,T8,alpha,0.15
1763188673.0868,0dfe3ee1-5036-4085-804d-ffdf71fb9b91,T8,beta,0.092
1763188673.0868,0dfe3ee1-5036-4085-804d-ffdf71fb9b91,T8,gamma,0.055
1763188673.0868,0dfe3ee1-5036-4085-804d-ffdf71fb9b91,Pz,delta,223.65
1763188673.0868,0dfe3ee1-5036-4085-804d-ffdf71fb9b91,Pz,theta,103.63
1763188673.0868,0dfe3ee1-5036-4085-804d-ffdf71fb9b91,Pz,alpha,9.652
1763188673.0868,0dfe3ee1-5036-4085-804d-ffdf71fb9b91,Pz,beta,2.691
1763188673.0868,0dfe3ee1-5036-4085-804d-ffdf71fb9b91,Pz,gamma,0.846
1763188673.2118,0dfe3ee1-5036-4085-804d-ffdf71fb9b91,AF3,delta,236.635
1763188673.2118,0dfe3ee1-5036-4085-804d-ffdf71fb9b91,AF3,theta,98.89
1763188673.2118,0dfe3ee1-5036-4085-804d-ffdf71fb9b91,AF3,alpha,12.461
1763188673.2118,0dfe3ee1-5036-4085-804d-ffdf71fb9b91,AF3,beta,2.79
1763188673.2118,0dfe3ee1-5036-4085-804d-ffdf71fb9b91,AF3,gamma,0.919
1763188673.2118,0dfe3ee1-5036-4085-804d-ffdf71fb9b91,AF4,delta,349.533
1763188673.2118,0dfe3ee1-5036-4085-804d-ffdf71fb9b91,AF4,theta,34.917
1763188673.2118,0dfe3ee1-5036-4085-804d-ffdf71fb9b91,AF4,alpha,17.858
1763188673.2118,0dfe3ee1-5036-4085-804d-ffdf71fb9b91,AF4,beta,130.858
1763188673.2118,0dfe3ee1-5036-4085-804d-ffdf71fb9b91,AF4,gamma,254.901
1763188673.2118,0dfe3ee1-5036-4085-804d-ffdf71fb9b91,T7,delta,0.549
1763188673.2118,0dfe3ee1-5036-4085-804d-ffdf71fb9b91,T7,theta,1.881
1763188673.2118,0dfe3ee1-5036-4085-804d-ffdf71fb9b91,T7,alpha,0.657
1763188673.2118,0dfe3ee1-5036-4085-804d-ffdf71fb9b91,T7,beta,12.147
1763188673.2118,0dfe3ee1-5036-4085-804d-ffdf71fb9b91,T7,gamma,7.094
1763188673.2118,0dfe3ee1-5036-4085-804d-ffdf71fb9b91,T8,delta,1.329
1763188673.2118,0dfe3ee1-5036-4085-804d-ffdf71fb9b91,T8,theta,0.989
1763188673.2118,0dfe3ee1-5036-4085-804d-ffdf71fb9b91,T8,alpha,0.212
1763188673.2118,0dfe3ee1-5036-4085-804d-ffdf71fb9b91,T8,beta,0.111
1763188673.2118,0dfe3ee1-5036-4085-804d-ffdf71fb9b91,T8,gamma,0.056
1763188673.2118,0dfe3ee1-5036-4085-804d-ffdf71fb9b91,Pz,delta,269.915
1763188673.2118,0dfe3ee1-5036-4085-804d-ffdf71fb9b91,Pz,theta,108.046
1763188673.2118,0dfe3ee1-5036-4085-804d-ffdf71fb9b91,Pz,alpha,13.137
1763188673.2118,0dfe3ee1-5036-4085-804d-ffdf71fb9b91,Pz,beta,3.696
1763188673.2118,0dfe3ee1-5036-4085-804d-ffdf71fb9b91,Pz,gamma,0.995
1763188673.3372,0dfe3ee1-5036-4085-804d-ffdf71fb9b91,AF3,delta,310.278
1763188673.3372,0dfe3ee1-5036-4085-804d-ffdf71fb9b91,AF3,theta,105.791
1763188673.3372,0dfe3ee1-5036-4085-804d-ffdf71fb9b91,AF3,alpha,18.336
1763188673.3372,0dfe3ee1-5036-4085-804d-ffdf71fb9b91,AF3,beta,3.968
1763188673.3372,0dfe3ee1-5036-4085-804d-ffdf71fb9b91,AF3,gamma,1.1
1763188673.3372,0dfe3ee1-5036-4085-804d-ffdf71fb9b91,AF4,delta,376.668
1763188673.3372,0dfe3ee1-5036-4085-804d-ffdf71fb9b91,AF4,theta,35.89
1763188673.3372,0dfe3ee1-5036-4085-804d-ffdf71fb9b91,AF4,alpha,17.964
1763188673.3372,0dfe3ee1-5036-4085-804d-ffdf71fb9b91,AF4,beta,125.419
1763188673.3372,0dfe3ee1-5036-4085-804d-ffdf71fb9b91,AF4,gamma,244.592
1763188673.3372,0dfe3ee1-5036-4085-804d-ffdf71fb9b91,T7,delta,0.605
1763188673.3372,0dfe3ee1-5036-4085-804d-ffdf71fb9b91,T7,theta,1.878
1763188673.3372,0dfe3ee1-5036-4085-804d-ffdf71fb9b91,T7,alpha,0.822
1763188673.3372,0dfe3ee1-5036-4085-804d-ffdf71fb9b91,T7,beta,13.814
1763188673.3372,0dfe3ee1-5036-4085-804d-ffdf71fb9b91,T7,gamma,7.978
1763188673.3372,0dfe3ee1-5036-4085-804d-ffdf71fb9b91,T8,delta,1.836
1763188673.3372,0dfe3ee1-5036-4085-804d-ffdf71fb9b91,T8,theta,1.105
1763188673.3372,0dfe3ee1-5036-4085-804d-ffdf71fb9b91,T8,alpha,0.325
1763188673.3372,0dfe3ee1-5036-4085-804d-ffdf71fb9b91,T8,beta,0.136
1763188673.3372,0dfe3ee1-5036-4085-804d-ffdf71fb9b91,T8,gamma,0.06
1763188673.3372,0dfe3ee1-5036-4085-804d-ffdf71fb9b91,Pz,delta,346.521
1763188673.3372,0dfe3ee1-5036-4085-804d-ffdf71fb9b91,Pz,theta,112.478
1763188673.3372,0dfe3ee1-5036-4085-804d-ffdf71fb9b91,Pz,alpha,19.3
1763188673.3372,0dfe3ee1-5036-4085-804d-ffdf71fb9b91,Pz,beta,5.192
1763188673.3372,0dfe3ee1-5036-4085-804d-ffdf71fb9b91,Pz,gamma,1.186
1763188673.4623,0dfe3ee1-5036-4085-804d-ffdf71fb9b91,AF3,delta,388.204
1763188673.4623,0dfe3ee1-5036-4085-804d-ffdf71fb9b91,AF3,theta,114.627
1763188673.4623,0dfe3ee1-5036-4085-804d-ffdf71fb9b91,AF3,alpha,26.056
1763188673.4623,0dfe3ee1-5036-4085-804d-ffdf71fb9b91,AF3,beta,5.315
1763188673.4623,0dfe3ee1-5036-4085-804d-ffdf71fb9b91,AF3,gamma,1.29
1763188673.4623,0dfe3ee1-5036-4085-804d-ffdf71fb9b91,AF4,delta,393.839
1763188673.4623,0dfe3ee1-5036-4085-804d-ffdf71fb9b91,AF4,theta,35.719
1763188673.4623,0dfe3ee1-5036-4085-804d-ffdf71fb9b91,AF4,alpha,17.228
1763188673.4623,0dfe3ee1-5036-4085-804d-ffdf71fb9b91,AF4,beta,116.331
1763188673.4623,0dfe3ee1-5036-4085-804d-ffdf71fb9b91,AF4,gamma,236.204
1763188673.4623,0dfe3ee1-5036-4085-804d-ffdf71fb9b91,T7,delta,0.699
1763188673.4623,0dfe3ee1-5036-4085-804d-ffdf71fb9b91,T7,theta,1.779
1763188673.4623,0dfe3ee1-5036-4085-804d-ffdf71fb9b91,T7,alpha,1.011
1763188673.4623,0dfe3ee1-5036-4085-804d-ffdf71fb9b91,T7,beta,14.175
1763188673.4623,0dfe3ee1-5036-4085-804d-ffdf71fb9b91,T7,gamma,8.402
1763188673.4623,0dfe3ee1-5036-4085-804d-ffdf71fb9b91,T8,delta,2.481
1763188673.4623,0dfe3ee1-5036-4085-804d-ffdf71fb9b91,T8,theta,1.263
1763188673.4623,0dfe3ee1-5036-4085-804d-ffdf71fb9b91,T8,alpha,0.476
1763188673.4623,0dfe3ee1-5036-4085-804d-ffdf71fb9b91,T8,beta,0.163
1763188673.4623,0dfe3ee1-5036-4085-804d-ffdf71fb9b91,T8,gamma,0.066
1763188673.4623,0dfe3ee1-5036-4085-804d-ffdf71fb9b91,Pz,delta,425.23
1763188673.4623,0dfe3ee1-5036-4085-804d-ffdf71fb9b91,Pz,theta,118.296
1763188673.4623,0dfe3ee1-5036-4085-804d-ffdf71fb9b91,Pz,alpha,27.23
1763188673.4623,0dfe3ee1-5036-4085-804d-ffdf71fb9b91,Pz,beta,6.869
1763188673.4623,0dfe3ee1-5036-4085-804d-ffdf71fb9b91,Pz,gamma,1.395
1763188673.5874,0dfe3ee1-5036-4085-804d-ffdf71fb9b91,AF3,delta,459.329
1763188673.5874,0dfe3ee1-5036-4085-804d-ffdf71fb9b91,AF3,theta,122.739
1763188673.5874,0dfe3ee1-5036-4085-804d-ffdf71fb9b91,AF3,alpha,33.869
1763188673.5874,0dfe3ee1-5036-4085-804d-ffdf71fb9b91,AF3,beta,6.452
1763188673.5874,0dfe3ee1-5036-4085-804d-ffdf71fb9b91,AF3,gamma,1.446
1763188673.5874,0dfe3ee1-5036-4085-804d-ffdf71fb9b91,AF4,delta,391.955
1763188673.5874,0dfe3ee1-5036-4085-804d-ffdf71fb9b91,AF4,theta,33.811
1763188673.5874,0dfe3ee1-5036-4085-804d-ffdf71fb9b91,AF4,alpha,15.475
1763188673.5874,0dfe3ee1-5036-4085-804d-ffdf71fb9b91,AF4,beta,105.0
1763188673.5874,0dfe3ee1-5036-4085-804d-ffdf71fb9b91,AF4,gamma,230.683
1763188673.5874,0dfe3ee1-5036-4085-804d-ffdf71fb9b91,T7,delta,0.841
1763188673.5874,0dfe3ee1-5036-4085-804d-ffdf71fb9b91,T7,theta,1.648
1763188673.5874,0dfe3ee1-5036-4085-804d-ffdf71fb9b91,T7,alpha,1.155
1763188673.5874,0dfe3ee1-5036-4085-804d-ffdf71fb9b91,T7,beta,13.437
1763188673.5874,0dfe3ee1-5036-4085-804d-ffdf71fb9b91,T7,gamma,8.477
1763188673.5874,0dfe3ee1-5036-4085-804d-ffdf71fb9b91,T8,delta,3.162
1763188673.5874,0dfe3ee1-5036-4085-804d-ffdf71fb9b91,T8,theta,1.41
1763188673.5874,0dfe3ee1-5036-4085-804d-ffdf71fb9b91,T8,alpha,0.629
1763188673.5874,0dfe3ee1-5036-4085-804d-ffdf71fb9b91,T8,beta,0.185
1763188673.5874,0dfe3ee1-5036-4085-804d-ffdf71fb9b91,T8,gamma,0.073
1763188673.5874,0dfe3ee1-5036-4085-804d-ffdf71fb9b91,Pz,delta,497.056
1763188673.5874,0dfe3ee1-5036-4085-804d-ffdf71fb9b91,Pz,theta,123.67
1763188673.5874,0dfe3ee1-5036-4085-804d-ffdf71fb9b91,Pz,alpha,35.005
1763188673.5874,0dfe3ee1-5036-4085-804d-ffdf71fb9b91,Pz,beta,8.262
1763188673.5874,0dfe3ee1-5036-4085-804d-ffdf71fb9b91,Pz,gamma,1.574
1763188673.7122,0dfe3ee1-5036-4085-804d-ffdf71fb9b91,AF3,delta,495.72
1763188673.7122,0dfe3ee1-5036-4085-804d-ffdf71fb9b91,AF3,theta,125.089
1763188673.7122,0dfe3ee1-5036-4085-804d-ffdf71fb9b91,AF3,alpha,39.428
1763188673.7122,0dfe3ee1-5036-4085-804d-ffdf71fb9b91,AF3,beta,6.988
1763188673.7122,0dfe3ee1-5036-4085-804d-ffdf71fb9b91,AF3,gamma,1.517
1763188673.7122,0dfe3ee1-5036-4085-804d-ffdf71fb9b91,AF4,delta,369.104
1763188673.7122,0dfe3ee1-5036-4085-804d-ffdf71fb9b91,AF4,theta,30.629
1763188673.7122,0dfe3ee1-5036-4085-804d-ffdf71fb9b91,AF4,alpha,13.393
1763188673.7122,0dfe3ee1-5036-4085-804d-ffdf71fb9b91,AF4,beta,94.16
1763188673.7122,0dfe3ee1-5036-4085-804d-ffdf71fb9b91,AF4,gamma,229.367
1763188673.7122,0dfe3ee1-5036-4085-804d-ffdf71fb9b91,T7,delta,1.042
1763188673.7122,0dfe3ee1-5036-4085-804d-ffdf71fb9b91,T7,theta,1.532
1763188673.7122,0dfe3ee1-5036-4085-804d-ffdf71fb9b91,T7,alpha,1.215
1763188673.7122,0dfe3ee1-5036-4085-804d-ffdf71fb9b91,T7,beta,12.192
1763188673.7122,0dfe3ee1-5036-4085-804d-ffdf71fb9b91,T7,gamma,8.489
1763188673.7122,0dfe3ee1-5036-4085-804d-ffdf71fb9b91,T8,delta,3.608
1763188673.7122,0dfe3ee1-5036-4085-804d-ffdf71fb9b91,T8,theta,1.47
1763188673.7122,0dfe3ee1-5036-4085-804d-ffdf71fb9b91,T8,alpha,0.738
1763188673.7122,0dfe3ee1-5036-4085-804d-ffdf71fb9b91,T8,beta,0.192
1763188673.7122,0dfe3ee1-5036-4085-804d-ffdf71fb9b91,T8,gamma,0.077
1763188673.7122,0dfe3ee1-5036-4085-804d-ffdf71fb9b91,Pz,delta,533.281
1763188673.7122,0dfe3ee1-5036-4085-804d-ffdf71fb9b91,Pz,theta,124.123
1763188673.7122,0dfe3ee1-5036-4085-804d-ffdf71fb9b91,Pz,alpha,40.23
1763188673.7122,0dfe3ee1-5036-4085-804d-ffdf71fb9b91,Pz,beta,8.881
1763188673.7122,0dfe3ee1-5036-4085-804d-ffdf71fb9b91,Pz,gamma,1.669
1763188673.8371,0dfe3ee1-5036-4085-804d-ffdf71fb9b91,AF3,delta,486.768
1763188673.8371,0dfe3ee1-5036-4085-804d-ffdf71fb9b91,AF3,theta,116.988
1763188673.8371,0dfe3ee1-5036-4085-804d-ffdf71fb9b91,AF3,alpha,40.802
1763188673.8371,0dfe3ee1-5036-4085-804d-ffdf71fb9b91,AF3,beta,6.733
1763188673.8371,0dfe3ee1-5036-4085-804d-ffdf71fb9b91,AF3,gamma,1.474
1763188673.8371,0dfe3ee1-5036-4085-804d-ffdf71fb9b91,AF4,delta,330.469
1763188673.8371,0dfe3ee1-5036-4085-804d-ffdf71fb9b91,AF4,theta,27.341
1763188673.8371,0dfe3ee1-5036-4085-804d-ffdf71fb9b91,AF4,alpha,12.056
1763188673.8371,0dfe3ee1-5036-4085-804d-ffdf71fb9b91,AF4,beta,85.992
1763188673.8371,0dfe3ee1-5036-4085-804d-ffdf71fb9b91,AF4,gamma,233.351
1763188673.8371,0dfe3ee1-5036-4085-804d-ffdf71fb9b91,T7,delta,1.258
1763188673.8371,0dfe3ee1-5036-4085-804d-ffdf71fb9b91,T7,theta,1.437
1763188673.8371,0dfe3ee1-5036-4085-804d-ffdf71fb9b91,T7,alpha,1.196
1763188673.8371,0dfe3ee1-5036-4085-804d-ffdf71fb9b91,T7,beta,11.1
1763188673.8371,0dfe3ee1-5036-4085-804d-ffdf71fb9b91,T7,gamma,8.704
1763188673.8371,0dfe3ee1-5036-4085-804d-ffdf71fb9b91,T8,delta,3.684
1763188673.8371,0dfe3ee1-5036-4085-804d-ffdf71fb9b91,T8,theta,1.386
1763188673.8371,0dfe3ee1-5036-4085-804d-ffdf71fb9b91,T8,alpha,0.766
1763188673.8371,0dfe3ee1-5036-4085-804d-ffdf71fb9b91,T8,beta,0.18
1763188673.8371,0dfe3ee1-5036-4085-804d-ffdf71fb9b91,T8,gamma,0.075
1763188673.8371,0dfe3ee1-5036-4085-804d-ffdf71fb9b91,Pz,delta,523.394
1763188673.8371,0dfe3ee1-5036-4085-804d-ffdf71fb9b91,Pz,theta,115.129
1763188673.8371,0dfe3ee1-5036-4085-804d-ffdf71fb9b91,Pz,alpha,41.099
1763188673.8371,0dfe3ee1-5036-4085-804d-ffdf71fb9b91,Pz,beta,8.479
1763188673.8371,0dfe3ee1-5036-4085-804d-ffdf71fb9b91,Pz,gamma,1.645
1763188673.9619,0dfe3ee1-5036-4085-804d-ffdf71fb9b91,AF3,delta,423.359
1763188673.9619,0dfe3ee1-5036-4085-804d-ffdf71fb9b91,AF3,theta,97.478
1763188673.9619,0dfe3ee1-5036-4085-804d-ffdf71fb9b91,AF3,alpha,37.336
1763188673.9619,0dfe3ee1-5036-4085-804d-ffdf71fb9b91,AF3,beta,5.751
1763188673.9619,0dfe3ee1-5036-4085-804d-ffdf71fb9b91,AF3,gamma,1.318
1763188673.9619,0dfe3ee1-5036-4085-804d-ffdf71fb9b91,AF4,delta,285.364
1763188673.9619,0dfe3ee1-5036-4085-804d-ffdf71fb9b91,AF4,theta,25.158
1763188673.9619,0dfe3ee1-5036-4085-804d-ffdf71fb9b91,AF4,alpha,12.263
1763188673.9619,0dfe3ee1-5036-4085-804d-ffdf71fb9b91,AF4,beta,81.402
1763188673.9619,0dfe3ee1-5036-4085-804d-ffdf71fb9b91,AF4,gamma,243.126
1763188673.9619,0dfe3ee1-5036-4085-804d-ffdf71fb9b91,T7,delta,1.47
1763188673.9619,0dfe3ee1-5036-4085-804d-ffdf71fb9b91,T7,theta,1.337
1763188673.9619,0dfe3ee1-5036-4085-804d-ffdf71fb9b91,T7,alpha,1.145
1763188673.9619,0dfe3ee1-5036-4085-804d-ffdf71fb9b91,T7,beta,10.566
1763188673.9619,0dfe3ee1-5036-4085-804d-ffdf71fb9b91,T7,gamma,9.171
1763188673.9619,0dfe3ee1-5036-4085-804d-ffdf71fb9b91,T8,delta,3.275
1763188673.9619,0dfe3ee1-5036-4085-804d-ffdf71fb9b91,T8,theta,1.153
1763188673.9619,0dfe3ee1-5036-4085-804d-ffdf71fb9b91,T8,alpha,0.701
1763188673.9619,0dfe3ee1-5036-4085-804d-ffdf71fb9b91,T8,beta,0.151
1763188673.9619,0dfe3ee1-5036-4085-804d-ffdf71fb9b91,T8,gamma,0.066
1763188673.9619,0dfe3ee1-5036-4085-804d-ffdf71fb9b91,Pz,delta,456.185
1763188673.9619,0dfe3ee1-5036-4085-804d-ffdf71fb9b91,Pz,theta,95.571
1763188673.9619,0dfe3ee1-5036-4085-804d-ffdf71fb9b91,Pz,alpha,37.185
1763188673.9619,0dfe3ee1-5036-4085-804d-ffdf71fb9b91,Pz,beta,7.14
1763188673.9619,0dfe3ee1-5036-4085-804d-ffdf71fb9b91,Pz,gamma,1.505
1763188674.0867,0dfe3ee1-5036-4085-804d-ffdf71fb9b91,AF3,delta,326.988
1763188674.0867,0dfe3ee1-5036-4085-804d-ffdf71fb9b91,AF3,theta,70.78
1763188674.0867,0dfe3ee1-5036-4085-804d-ffdf71fb9b91,AF3,alpha,30.118
1763188674.0867,0dfe3ee1-5036-4085-804d-ffdf71fb9b91,AF3,beta,4.363
1763188674.0867,0dfe3ee1-5036-4085-804d-ffdf71fb9b91,AF3,gamma,1.091
1763188674.0867,0dfe3ee1-5036-4085-804d-ffdf71fb9b91,AF4,delta,243.737
1763188674.0867,0dfe3ee1-5036-4085-804d-ffdf71fb9b91,AF4,theta,24.814
1763188674.0867,0dfe3ee1-5036-4085-804d-ffdf71fb9b91,AF4,alpha,13.754
1763188674.0867,0dfe3ee1-5036-4085-804d-ffdf71fb9b91,AF4,beta,79.747
1763188674.0867,0dfe3ee1-5036-4085-804d-ffdf71fb9b91,AF4,gamma,258.257
1763188674.0867,0dfe3ee1-5036-4085-804d-ffdf71fb9b91,T7,delta,1.633
1763188674.0867,0dfe3ee1-5036-4085-804d-ffdf71fb9b91,T7,theta,1.206
1763188674.0867,0dfe3ee1-5036-4085-804d-ffdf71fb9b91,T7,alpha,1.106
1763188674.0867,0dfe3ee1-5036-4085-804d-ffdf71fb9b91,T7,beta,10.595
1763188674.0867,0dfe3ee1-5036-4085-804d-ffdf71fb9b91,T7,gamma,9.73
1763188674.0867,0dfe3ee1-5036-4085-804d-ffdf71fb9b91,T8,delta,2.558
1763188674.0867,0dfe3ee1-5036-4085-804d-ffdf71fb9b91,T8,theta,0.833
1763188674.0867,0dfe3ee1-5036-4085-804d-ffdf71fb9b91,T8,alpha,0.564
1763188674.0867,0dfe3ee1-5036-4085-804d-ffdf71fb9b91,T8,beta,0.113
1763188674.0867,0dfe3ee1-5036-4085-804d-ffdf71fb9b91,T8,gamma,0.053
1763188674.0867,0dfe3ee1-5036-4085-804d-ffdf71fb9b91,Pz,delta,353.984
1763188674.0867,0dfe3ee1-5036-4085-804d-ffdf71fb9b91,Pz,theta,69.413
1763188674.0867,0dfe3ee1-5036-4085-804d-ffdf71fb9b91,Pz,alpha,29.725
1763188674.0867,0dfe3ee1-5036-4085-804d-ffdf71fb9b91,Pz,beta,5.275
1763188674.0867,0dfe3ee1-5036-4085-804d-ffdf71fb9b91,Pz,gamma,1.287
1763188674.2116,0dfe3ee1-5036-4085-804d-ffdf71fb9b91,AF3,delta,224.453
1763188674.2116,0dfe3ee1-5036-4085-804d-ffdf71fb9b91,AF3,theta,44.161
1763188674.2116,0dfe3ee1-5036-4085-804d-ffdf71fb9b91,AF3,alpha,21.513
1763188674.2116,0dfe3ee1-5036-4085-804d-ffdf71fb9b91,AF3,beta,2.978
1763188674.2116,0dfe3ee1-5036-4085-804d-ffdf71fb9b91,AF3,gamma,0.854
1763188674.2116,0dfe3ee1-5036-4085-804d-ffdf71fb9b91,AF4,delta,212.48
1763188674.2116,0dfe3ee1-5036-4085-804d-ffdf71fb9b91,AF4,theta,26.213
1763188674.2116,0dfe3ee1-5036-4085-804d-ffdf71fb9b91,AF4,alpha,15.296
1763188674.2116,0dfe3ee1-5036-4085-804d-ffdf71fb9b91,AF4,beta,79.421
1763188674.2116,0dfe3ee1-5036-4085-804d-ffdf71fb9b91,AF4,gamma,277.705
1763188674.2116,0dfe3ee1-5036-4085-804d-ffdf71fb9b91,T7,delta,1.76
1763188674.2116,0dfe3ee1-5036-4085-804d-ffdf71fb9b91,T7,theta,1.044
1763188674.2116,0dfe3ee1-5036-4085-804d-ffdf71fb9b91,T7,alpha,1.102
1763188674.2116,0dfe3ee1-5036-4085-804d-ffdf71fb9b91,T7,beta,10.995
1763188674.2116,0dfe3ee1-5036-4085-804d-ffdf71fb9b91,T7,gamma,10.226
1763188674.2116,0dfe3ee1-5036-4085-804d-ffdf71fb9b91,T8,delta,1.745
1763188674.2116,0dfe3ee1-5036-4085-804d-ffdf71fb9b91,T8,theta,0.519
1763188674.2116,0dfe3ee1-5036-4085-804d-ffdf71fb9b91,T8,alpha,0.4
1763188674.2116,0dfe3ee1-5036-4085-804d-ffdf71fb9b91,T8,beta,0.075
1763188674.2116,0dfe3ee1-5036-4085-804d-ffdf71fb9b91,T8,gamma,0.04
1763188674.2116,0dfe3ee1-5036-4085-804d-ffdf71fb9b91,Pz,delta,244.458
1763188674.2116,0dfe3ee1-5036-4085-804d-ffdf71fb9b91,Pz,theta,43.679
1763188674.2116,0dfe3ee1-5036-4085-804d-ffdf71fb9b91,Pz,alpha,21.09
1763188674.2116,0dfe3ee1-5036-4085-804d-ffdf71fb9b91,Pz,beta,3.413
1763188674.2116,0dfe3ee1-5036-4085-804d-ffdf71fb9b91,Pz,gamma,1.049
1763188674.3372,0dfe3ee1-5036-4085-804d-ffdf71fb9b91,AF3,delta,142.844
1763188674.3372,0dfe3ee1-5036-4085-804d-ffdf71fb9b91,AF3,theta,24.111
1763188674.3372,0dfe3ee1-5036-4085-804d-ffdf71fb9b91,AF3,alpha,14.008
1763188674.3372,0dfe3ee1-5036-4085-804d-ffdf71fb9b91,AF3,beta,1.923
1763188674.3372,0dfe3ee1-5036-4085-804d-ffdf71fb9b91,AF3,gamma,0.664
1763188674.3372,0dfe3ee1-5036-4085-804d-ffdf71fb9b91,AF4,delta,194.377
1763188674.3372,0dfe3ee1-5036-4085-804d-ffdf71fb9b91,AF4,theta,28.866
1763188674.3372,0dfe3ee1-5036-4085-804d-ffdf71fb9b91,AF4,alpha,15.382
1763188674.3372,0dfe3ee1-5036-4085-804d-ffdf71fb9b91,AF4,beta,78.953
1763188674.3372,0dfe3ee1-5036-4085-804d-ffdf71fb9b91,AF4,gamma,299.872
1763188674.3372,0dfe3ee1-5036-4085-804d-ffdf71fb9b91,T7,delta,1.842
1763188674.3372,0dfe3ee1-5036-4085-804d-ffdf71fb9b91,T7,theta,0.882
1763188674.3372,0dfe3ee1-5036-4085-804d-ffdf71fb9b91,T7,alpha,1.13
1763188674.3372,0dfe3ee1-5036-4085-804d-ffdf71fb9b91,T7,beta,11.574
1763188674.3372,0dfe3ee1-5036-4085-804d-ffdf71fb9b91,T7,gamma,10.609
1763188674.3372,0dfe3ee1-5036-4085-804d-ffdf71fb9b91,T8,delta,1.089
1763188674.3372,0dfe3ee1-5036-4085-804d-ffdf71fb9b91,T8,theta,0.285
1763188674.3372,0dfe3ee1-5036-4085-804d-ffdf71fb9b91,T8,alpha,0.253
1763188674.3372,0dfe3ee1-5036-4085-804d-ffdf71fb9b91,T8,beta,0.046
1763188674.3372,0dfe3ee1-5036-4085-804d-ffdf71fb9b91,T8,gamma,0.03
1763188674.3372,0dfe3ee1-5036-4085-804d-ffdf71fb9b91,Pz,delta,156.877
1763188674.3372,0dfe3ee1-5036-4085-804d-ffdf71fb9b91,Pz,theta,24.769
1763188674.3372,0dfe3ee1-5036-4085-804d-ffdf71fb9b91,Pz,alpha,13.63
1763188674.3372,0dfe3ee1-5036-4085-804d-ffdf71fb9b91,Pz,beta,1.991
1763188674.3372,0dfe3ee1-5036-4085-804d-ffdf71fb9b91,Pz,gamma,0.848
1763188674.462,0dfe3ee1-5036-4085-804d-ffdf71fb9b91,AF3,delta,91.834
1763188674.462,0dfe3ee1-5036-4085-804d-ffdf71fb9b91,AF3,theta,13.099
1763188674.462,0dfe3ee1-5036-4085-804d-ffdf71fb9b91,AF3,alpha,9.328
1763188674.462,0dfe3ee1-5036-4085-804d-ffdf71fb9b91,AF3,beta,1.323
1763188674.462,0dfe3ee1-5036-4085-804d-ffdf71fb9b91,AF3,gamma,0.556
1763188674.462,0dfe3ee1-5036-4085-804d-ffdf71fb9b91,AF4,delta,188.527
1763188674.462,0dfe3ee1-5036-4085-804d-ffdf71fb9b91,AF4,theta,31.726
1763188674.462,0dfe3ee1-5036-4085-804d-ffdf71fb9b91,AF4,alpha,13.7
1763188674.462,0dfe3ee1-5036-4085-804d-ffdf71fb9b91,AF4,beta,77.59
1763188674.462,0dfe3ee1-5036-4085-804d-ffdf71fb9b91,AF4,gamma,322.229
1763188674.462,0dfe3ee1-5036-4085-804d-ffdf71fb9b91,T7,delta,1.916
1763188674.462,0dfe3ee1-5036-4085-804d-ffdf71fb9b91,T7,theta,0.768
1763188674.462,0dfe3ee1-5036-4085-804d-ffdf71fb9b91,T7,alpha,1.165
1763188674.462,0dfe3ee1-5036-4085-804d-ffdf71fb9b91,T7,beta,12.332
1763188674.462,0dfe3ee1-5036-4085-804d-ffdf71fb9b91,T7,gamma,10.992
1763188674.462,0dfe3ee1-5036-4085-804d-ffdf71fb9b91,T8,delta,0.698
1763188674.462,0dfe3ee1-5036-4085-804d-ffdf71fb9b91,T8,theta,0.156
1763188674.462,0dfe3ee1-5036-4085-804d-ffdf71fb9b91,T8,alpha,0.153
1763188674.462,0dfe3ee1-5036-4085-804d-ffdf71fb9b91,T8,beta,0.031
1763188674.462,0dfe3ee1-5036-4085-804d-ffdf71fb9b91,T8,gamma,0.025
1763188674.462,0dfe3ee1-5036-4085-804d-ffdf71fb9b91,Pz,delta,101.855
1763188674.462,0dfe3ee1-5036-4085-804d-ffdf71fb9b91,Pz,theta,14.847
1763188674.462,0dfe3ee1-5036-4085-804d-ffdf71fb9b91,Pz,alpha,8.884
1763188674.462,0dfe3ee1-5036-4085-804d-ffdf71fb9b91,Pz,beta,1.182
1763188674.462,0dfe3ee1-5036-4085-804d-ffdf71fb9b91,Pz,gamma,0.715
1763188674.5873,0dfe3ee1-5036-4085-804d-ffdf71fb9b91,AF3,delta,69.482
1763188674.5873,0dfe3ee1-5036-4085-804d-ffdf71fb9b91,AF3,theta,9.013
1763188674.5873,0dfe3ee1-5036-4085-804d-ffdf71fb9b91,AF3,alpha,7.671
1763188674.5873,0dfe3ee1-5036-4085-804d-ffdf71fb9b91,AF3,beta,1.172
1763188674.5873,0dfe3ee1-5036-4085-804d-ffdf71fb9b91,AF3,gamma,0.549
1763188674.5873,0dfe3ee1-5036-4085-804d-ffdf71fb9b91,AF4,delta,190.416
1763188674.5873,0dfe3ee1-5036-4085-804d-ffdf71fb9b91,AF4,theta,33.489
1763188674.5873,0dfe3ee1-5036-4085-804d-ffdf71fb9b91,AF4,alpha,11.155
1763188674.5873,0dfe3ee1-5036-4085-804d-ffdf71fb9b91,AF4,beta,75.061
1763188674.5873,0dfe3ee1-5036-4085-804d-ffdf71fb9b91,AF4,gamma,341.239
1763188674.5873,0dfe3ee1-5036-4085-804d-ffdf71fb9b91,T7,delta,1.943
1763188674.5873,0dfe3ee1-5036-4085-804d-ffdf71fb9b91,T7,theta,0.744
1763188674.5873,0dfe3ee1-5036-4085-804d-ffdf71fb9b91,T7,alpha,1.169
1763188674.5873,0dfe3ee1-5036-4085-804d-ffdf71fb9b91,T7,beta,13.429
1763188674.5873,0dfe3ee1-5036-4085-804d-ffdf71fb9b91,T7,gamma,11.586
1763188674.5873,0dfe3ee1-5036-4085-804d-ffdf71fb9b91,T8,delta,0.57
1763188674.5873,0dfe3ee1-5036-4085-804d-ffdf71fb9b91,T8,theta,0.105
1763188674.5873,0dfe3ee1-5036-4085-804d-ffdf71fb9b91,T8,alpha,0.106
1763188674.5873,0dfe3ee1-5036-4085-804d-ffdf71fb9b91,T8,beta,0.029
1763188674.5873,0dfe3ee1-5036-4085-804d-ffdf71fb9b91,T8,gamma,0.026
1763188674.5873,0dfe3ee1-5036-4085-804d-ffdf71fb9b91,Pz,delta,78.162
1763188674.5873,0dfe3ee1-5036-4085-804d-ffdf71fb9b91,Pz,theta,11.474
1763188674.5873,0dfe3ee1-5036-4085-804d-ffdf71fb9b91,Pz,alpha,6.901
1763188674.5873,0dfe3ee1-5036-4085-804d-ffdf71fb9b91,Pz,beta,0.963
1763188674.5873,0dfe3ee1-5036-4085-804d-ffdf71fb9b91,Pz,gamma,0.663
1763188674.7119,0dfe3ee1-5036-4085-804d-ffdf71fb9b91,AF3,delta,65.833
1763188674.7119,0dfe3ee1-5036-4085-804d-ffdf71fb9b91,AF3,theta,8.169
1763188674.7119,0dfe3ee1-5036-4085-804d-ffdf71fb9b91,AF3,alpha,7.971
1763188674.7119,0dfe3ee1-5036-4085-804d-ffdf71fb9b91,AF3,beta,1.51
1763188674.7119,0dfe3ee1-5036-4085-804d-ffdf71fb9b91,AF3,gamma,0.645
1763188674.7119,0dfe3ee1-5036-4085-804d-ffdf71fb9b91,AF4,delta,193.918
1763188674.7119,0dfe3ee1-5036-4085-804d-ffdf71fb9b91,AF4,theta,33.44
1763188674.7119,0dfe3ee1-5036-4085-804d-ffdf71fb9b91,AF4,alpha,9.124
1763188674.7119,0dfe3ee1-5036-4085-804d-ffdf71fb9b91,AF4,beta,70.881
1763188674.7119,0dfe3ee1-5036-4085-804d-ffdf71fb9b91,AF4,gamma,353.014
1763188674.7119,0dfe3ee1-5036-4085-804d-ffdf71fb9b91,T7,delta,1.959
1763188674.7119,0dfe3ee1-5036-4085-804d-ffdf71fb9b91,T7,theta,0.818
1763188674.7119,0dfe3ee1-5036-4085-804d-ffdf71fb9b91,T7,alpha,1.138
1763188674.7119,0dfe3ee1-5036-4085-804d-ffdf71fb9b91,T7,beta,14.897
1763188674.7119,0dfe3ee1-5036-4085-804d-ffdf71fb9b91,T7,gamma,12.509
1763188674.7119,0dfe3ee1-5036-4085-804d-ffdf71fb9b91,T8,delta,0.602
1763188674.7119,0dfe3ee1-5036-4085-804d-ffdf71fb9b91,T8,theta,0.092
1763188674.7119,0dfe3ee1-5036-4085-804d-ffdf71fb9b91,T8,alpha,0.099
1763188674.7119,0dfe3ee1-5036-4085-804d-ffdf71fb9b91,T8,beta,0.041
1763188674.7119,0dfe3ee1-5036-4085-804d-ffdf71fb9b91,T8,gamma,0.032
1763188674.7119,0dfe3ee1-5036-4085-804d-ffdf71fb9b91,Pz,delta,75.153
1763188674.7119,0dfe3ee1-5036-4085-804d-ffdf71fb9b91,Pz,theta,10.816
1763188674.7119,0dfe3ee1-5036-4085-804d-ffdf71fb9b91,Pz,alpha,6.671
1763188674.7119,0dfe3ee1-5036-4085-804d-ffdf71fb9b91,Pz,beta,1.343
1763188674.7119,0dfe3ee1-5036-4085-804d-ffdf71fb9b91,Pz,gamma,0.69
1763188674.8367,0dfe3ee1-5036-4085-804d-ffdf71fb9b91,AF3,delta,67.214
1763188674.8367,0dfe3ee1-5036-4085-804d-ffdf71fb9b91,AF3,theta,9.135
1763188674.8367,0dfe3ee1-5036-4085-804d-ffdf71fb9b91,AF3,alpha,8.773
1763188674.8367,0dfe3ee1-5036-4085-804d-ffdf71fb9b91,AF3,beta,2.378
1763188674.8367,0dfe3ee1-5036-4085-804d-ffdf71fb9b91,AF3,gamma,0.834
1763188674.8367,0dfe3ee1-5036-4085-804d-ffdf71fb9b91,AF4,delta,193.564
1763188674.8367,0dfe3ee1-5036-4085-804d-ffdf71fb9b91,AF4,theta,32.075
1763188674.8367,0dfe3ee1-5036-4085-804d-ffdf71fb9b91,AF4,alpha,8.469
1763188674.8367,0dfe3ee1-5036-4085-804d-ffdf71fb9b91,AF4,beta,64.762
1763188674.8367,0dfe3ee1-5036-4085-804d-ffdf71fb9b91,AF4,gamma,354.77
1763188674.8367,0dfe3ee1-5036-4085-804d-ffdf71fb9b91,T7,delta,1.895
1763188674.8367,0dfe3ee1-5036-4085-804d-ffdf71fb9b91,T7,theta,0.962
1763188674.8367,0dfe3ee1-5036-4085-804d-ffdf71fb9b91,T7,alpha,1.11
1763188674.8367,0dfe3ee1-5036-4085-804d-ffdf71fb9b91,T7,beta,16.473
1763188674.8367,0dfe3ee1-5036-4085-804d-ffdf71fb9b91,T7,gamma,13.641
1763188674.8367,0dfe3ee1-5036-4085-804d-ffdf71fb9b91,T8,delta,0.653
1763188674.8367,0dfe3ee1-5036-4085-804d-ffdf71fb9b91,T8,theta,0.099
1763188674.8367,0dfe3ee1-5036-4085-804d-ffdf71fb9b91,T8,alpha,0.109
1763188674.8367,0dfe3ee1-5036-4085-804d-ffdf71fb9b91,T8,beta,0.07
1763188674.8367,0dfe3ee1-5036-4085-804d-ffdf71fb9b91,T8,gamma,0.043
1763188674.8367,0dfe3ee1-5036-4085-804d-ffdf71fb9b91,Pz,delta,77.928
1763188674.8367,0dfe3ee1-5036-4085-804d-ffdf71fb9b91,Pz,theta,11.463
1763188674.8367,0dfe3ee1-5036-4085-804d-ffdf71fb9b91,Pz,alpha,7.033
1763188674.8367,0dfe3ee1-5036-4085-804d-ffdf71fb9b91,Pz,beta,2.341
1763188674.8367,0dfe3ee1-5036-4085-804d-ffdf71fb9b91,Pz,gamma,0.785
1763188674.9617,0dfe3ee1-5036-4085-804d-ffdf71fb9b91,AF3,delta,68.273
1763188674.9617,0dfe3ee1-5036-4085-804d-ffdf71fb9b91,AF3,theta,13.17
1763188674.9617,0dfe3ee1-5036-4085-804d-ffdf71fb9b91,AF3,alpha,9.289
1763188674.9617,0dfe3ee1-5036-4085-804d-ffdf71fb9b91,AF3,beta,3.717
1763188674.9617,0dfe3ee1-5036-4085-804d-ffdf71fb9b91,AF3,gamma,1.084
1763188674.9617,0dfe3ee1-5036-4085-804d-ffdf71fb9b91,AF4,delta,187.19
1763188674.9617,0dfe3ee1-5036-4085-804d-ffdf71fb9b91,AF4,theta,30.326
1763188674.9617,0dfe3ee1-5036-4085-804d-ffdf71fb9b91,AF4,alpha,9.27
1763188674.9617,0dfe3ee1-5036-4085-804d-ffdf71fb9b91,AF4,beta,56.813
1763188674.9617,0dfe3ee1-5036-4085-804d-ffdf71fb9b91,AF4,gamma,346.136
1763188674.9617,0dfe3ee1-5036-4085-804d-ffdf71fb9b91,T7,delta,1.823
1763188674.9617,0dfe3ee1-5036-4085-804d-ffdf71fb9b91,T7,theta,1.13
1763188674.9617,0dfe3ee1-5036-4085-804d-ffdf71fb9b91,T7,alpha,1.149
1763188674.9617,0dfe3ee1-5036-4085-804d-ffdf71fb9b91,T7,beta,17.752
1763188674.9617,0dfe3ee1-5036-4085-804d-ffdf71fb9b91,T7,gamma,14.681
1763188674.9617,0dfe3ee1-5036-4085-804d-ffdf71fb9b91,T8,delta,0.692
1763188674.9617,0dfe3ee1-5036-4085-804d-ffdf71fb9b91,T8,theta,0.144
1763188674.9617,0dfe3ee1-5036-4085-804d-ffdf71fb9b91,T8,alpha,0.122
1763188674.9617,0dfe3ee1-5036-4085-804d-ffdf71fb9b91,T8,beta,0.114
1763188674.9617,0dfe3ee1-5036-4085-804d-ffdf71fb9b91,T8,gamma,0.059
1763188674.9617,0dfe3ee1-5036-4085-804d-ffdf71fb9b91,Pz,delta,80.173
1763188674.9617,0dfe3ee1-5036-4085-804d-ffdf71fb9b91,Pz,theta,14.852
1763188674.9617,0dfe3ee1-5036-4085-804d-ffdf71fb9b91,Pz,alpha,7.503
1763188674.9617,0dfe3ee1-5036-4085-804d-ffdf71fb9b91,Pz,beta,3.888
1763188674.9617,0dfe3ee1-5036-4085-804d-ffdf71fb9b91,Pz,gamma,0.925
1763188675.0871,0dfe3ee1-5036-4085-804d-ffdf71fb9b91,AF3,delta,73.642
1763188675.0871,0dfe3ee1-5036-4085-804d-ffdf71fb9b91,AF3,theta,21.071
1763188675.0871,0dfe3ee1-5036-4085-804d-ffdf71fb9b91,AF3,alpha,9.411
1763188675.0871,0dfe3ee1-5036-4085-804d-ffdf71fb9b91,AF3,beta,5.294
1763188675.0871,0dfe3ee1-5036-4085-804d-ffdf71fb9b91,AF3,gamma,1.338
1763188675.0871,0dfe3ee1-5036-4085-804d-ffdf71fb9b91,AF4,delta,176.801
1763188675.0871,0dfe3ee1-5036-4085-804d-ffdf71fb9b91,AF4,theta,29.384
1763188675.0871,0dfe3ee1-5036-4085-804d-ffdf71fb9b91,AF4,alpha,10.957
1763188675.0871,0dfe3ee1-5036-4085-804d-ffdf71fb9b91,AF4,beta,48.147
1763188675.0871,0dfe3ee1-5036-4085-804d-ffdf71fb9b91,AF4,gamma,330.016
1763188675.0871,0dfe3ee1-5036-4085-804d-ffdf71fb9b91,T7,delta,1.732
1763188675.0871,0dfe3ee1-5036-4085-804d-ffdf71fb9b91,T7,theta,1.284
1763188675.0871,0dfe3ee1-5036-4085-804d-ffdf71fb9b91,T7,alpha,1.277
1763188675.0871,0dfe3ee1-5036-4085-804d-ffdf71fb9b91,T7,beta,18.439
1763188675.0871,0dfe3ee1-5036-4085-804d-ffdf71fb9b91,T7,gamma,15.342
1763188675.0871,0dfe3ee1-5036-4085-804d-ffdf71fb9b91,T8,delta,0.753
1763188675.0871,0dfe3ee1-5036-4085-804d-ffdf71fb9b91,T8,theta,0.232
1763188675.0871,0dfe3ee1-5036-4085-804d-ffdf71fb9b91,T8,alpha,0.134
1763188675.0871,0dfe3ee1-5036-4085-804d-ffdf71fb9b91,T8,beta,0.163
1763188675.0871,0dfe3ee1-5036-4085-804d-ffdf71fb9b91,T8,gamma,0.075
1763188675.0871,0dfe3ee1-5036-4085-804d-ffdf71fb9b91,Pz,delta,86.766
1763188675.0871,0dfe3ee1-5036-4085-804d-ffdf71fb9b91,Pz,theta,21.961
1763188675.0871,0dfe3ee1-5036-4085-804d-ffdf71fb9b91,Pz,alpha,8.091
1763188675.0871,0dfe3ee1-5036-4085-804d-ffdf71fb9b91,Pz,beta,5.711
1763188675.0871,0dfe3ee1-5036-4085-804d-ffdf71fb9b91,Pz,gamma,1.076
1763188675.2125,0dfe3ee1-5036-4085-804d-ffdf71fb9b91,AF3,delta,83.381
1763188675.2125,0dfe3ee1-5036-4085-804d-ffdf71fb9b91,AF3,theta,31.31
1763188675.2125,0dfe3ee1-5036-4085-804d-ffdf71fb9b91,AF3,alpha,9.24
1763188675.2125,0dfe3ee1-5036-4085-804d-ffdf71fb9b91,AF3,beta,6.707
1763188675.2125,0dfe3ee1-5036-4085-804d-ffdf71fb9b91,AF3,gamma,1.532
1763188675.2125,0dfe3ee1-5036-4085-804d-ffdf71fb9b91,AF4,delta,167.413
1763188675.2125,0dfe3ee1-5036-4085-804d-ffdf71fb9b91,AF4,theta,30.588
1763188675.2125,0dfe3ee1-5036-4085-804d-ffdf71fb9b91,AF4,alpha,12.954
1763188675.2125,0dfe3ee1-5036-4085-804d-ffdf71fb9b91,AF4,beta,40.877
1763188675.2125,0dfe3ee1-5036-4085-804d-ffdf71fb9b91,AF4,gamma,311.957
1763188675.2125,0dfe3ee1-5036-4085-804d-ffdf71fb9b91,T7,delta,1.851
1763188675.2125,0dfe3ee1-5036-4085-804d-ffdf71fb9b91,T7,theta,1.419
1763188675.2125,0dfe3ee1-5036-4085-804d-ffdf71fb9b91,T7,alpha,1.482
1763188675.2125,0dfe3ee1-5036-4085-804d-ffdf71fb9b91,T7,beta,18.371
1763188675.2125,0dfe3ee1-5036-4085-804d-ffdf71fb9b91,T7,gamma,15.427
1763188675.2125,0dfe3ee1-5036-4085-804d-ffdf71fb9b91,T8,delta,0.825
1763188675.2125,0dfe3ee1-5036-4085-804d-ffdf71fb9b91,T8,theta,0.346
1763188675.2125,0dfe3ee1-5036-4085-804d-ffdf71fb9b91,T8,alpha,0.142
1763188675.2125,0dfe3ee1-5036-4085-804d-ffdf71fb9b91,T8,beta,0.206
1763188675.2125,0dfe3ee1-5036-4085-804d-ffdf71fb9b91,T8,gamma,0.089
1763188675.2125,0dfe3ee1-5036-4085-804d-ffdf71fb9b91,Pz,delta,97.528
1763188675.2125,0dfe3ee1-5036-4085-804d-ffdf71fb9b91,Pz,theta,31.457
1763188675.2125,0dfe3ee1-5036-4085-804d-ffdf71fb9b91,Pz,alpha,8.806
1763188675.2125,0dfe3ee1-5036-4085-804d-ffdf71fb9b91,Pz,beta,7.343
1763188675.2125,0dfe3ee1-5036-4085-804d-ffdf71fb9b91,Pz,gamma,1.195
1763188675.3381,0dfe3ee1-5036-4085-804d-ffdf71fb9b91,AF3,delta,89.839
1763188675.3381,0dfe3ee1-5036-4085-804d-ffdf71fb9b91,AF3,theta,40.946
1763188675.3381,0dfe3ee1-5036-4085-804d-ffdf71fb9b91,AF3,alpha,8.888
1763188675.3381,0dfe3ee1-5036-4085-804d-ffdf71fb9b91,AF3,beta,7.539
1763188675.3381,0dfe3ee1-5036-4085-804d-ffdf71fb9b91,AF3,gamma,1.615
1763188675.3381,0dfe3ee1-5036-4085-804d-ffdf71fb9b91,AF4,delta,165.519
1763188675.3381,0dfe3ee1-5036-4085-804d-ffdf71fb9b91,AF4,theta,34.433
1763188675.3381,0dfe3ee1-5036-4085-804d-ffdf71fb9b91,AF4,alpha,14.88
1763188675.3381,0dfe3ee1-5036-4085-804d-ffdf71fb9b91,AF4,beta,37.206
1763188675.3381,0dfe3ee1-5036-4085-804d-ffdf71fb9b91,AF4,gamma,297.521
1763188675.3381,0dfe3ee1-5036-4085-804d-ffdf71fb9b91,T7,delta,2.071
1763188675.3381,0dfe3ee1-5036-4085-804d-ffdf71fb9b91,T7,theta,1.559
1763188675.3381,0dfe3ee1-5036-4085-804d-ffdf71fb9b91,T7,alpha,1.714
1763188675.3381,0dfe3ee1-5036-4085-804d-ffdf71fb9b91,T7,beta,17.638
1763188675.3381,0dfe3ee1-5036-4085-804d-ffdf71fb9b91,T7,gamma,14.939
1763188675.3381,0dfe3ee1-5036-4085-804d-ffdf71fb9b91,T8,delta,0.867
1763188675.3381,0dfe3ee1-5036-4085-804d-ffdf71fb9b91,T8,theta,0.455
1763188675.3381,0dfe3ee1-5036-4085-804d-ffdf71fb9b91,T8,alpha,0.143
1763188675.3381,0dfe3ee1-5036-4085-804d-ffdf71fb9b91,T8,beta,0.229
1763188675.3381,0dfe3ee1-5036-4085-804d-ffdf71fb9b91,T8,gamma,0.096
1763188675.3381,0dfe3ee1-5036-4085-804d-ffdf71fb9b91,Pz,delta,103.702
1763188675.3381,0dfe3ee1-5036-4085-804d-ffdf71fb9b91,Pz,theta,40.472
1763188675.3381,0dfe3ee1-5036-4085-804d-ffdf71fb9b91,Pz,alpha,9.491
1763188675.3381,0dfe3ee1-5036-4085-804d-ffdf71fb9b91,Pz,beta,8.315
1763188675.3381,0dfe3ee1-5036-4085-804d-ffdf71fb9b91,Pz,gamma,1.249
1763188675.4629,0dfe3ee1-5036-4085-804d-ffdf71fb9b91,AF3,delta,94.673
1763188675.4629,0dfe3ee1-5036-4085-804d-ffdf71fb9b91,AF3,theta,47.122
1763188675.4629,0dfe3ee1-5036-4085-804d-ffdf71fb9b91,AF3,alpha,8.459
1763188675.4629,0dfe3ee1-5036-4085-804d-ffdf71fb9b91,AF3,beta,7.557
1763188675.4629,0dfe3ee1-5036-4085-804d-ffdf71fb9b91,AF3,gamma,1.572
1763188675.4629,0dfe3ee1-5036-4085-804d-ffdf71fb9b91,AF4,delta,176.383
1763188675.4629,0dfe3ee1-5036-4085-804d-ffdf71fb9b91,AF4,theta,39.765
1763188675.4629,0dfe3ee1-5036-4085-804d-ffdf71fb9b91,AF4,alpha,16.563
1763188675.4629,0dfe3ee1-5036-4085-804d-ffdf71fb9b91,AF4,beta,38.443
1763188675.4629,0dfe3ee1-5036-4085-804d-ffdf71fb9b91,AF4,gamma,289.487
1763188675.4629,0dfe3ee1-5036-4085-804d-ffdf71fb9b91,T7,delta,2.493
1763188675.4629,0dfe3ee1-5036-4085-804d-ffdf71fb9b91,T7,theta,1.74
1763188675.4629,0dfe3ee1-5036-4085-804d-ffdf71fb9b91,T7,alpha,1.902
1763188675.4629,0dfe3ee1-5036-4085-804d-ffdf71fb9b91,T7,beta,16.534
1763188675.4629,0dfe3ee1-5036-4085-804d-ffdf71fb9b91,T7,gamma,14.103
1763188675.4629,0dfe3ee1-5036-4085-804d-ffdf71fb9b91,T8,delta,0.895
1763188675.4629,0dfe3ee1-5036-4085-804d-ffdf71fb9b91,T8,theta,0.529
1763188675.4629,0dfe3ee1-5036-4085-804d-ffdf71fb9b91,T8,alpha,0.135
1763188675.4629,0dfe3ee1-5036-4085-804d-ffdf71fb9b91,T8,beta,0.225
1763188675.4629,0dfe3ee1-5036-4085-804d-ffdf71fb9b91,T8,gamma,0.093
1763188675.4629,0dfe3ee1-5036-4085-804d-ffdf71fb9b91,Pz,delta,108.224
1763188675.4629,0dfe3ee1-5036-4085-804d-ffdf71fb9b91,Pz,theta,46.27
1763188675.4629,0dfe3ee1-5036-4085-804d-ffdf71fb9b91,Pz,alpha,9.905
1763188675.4629,0dfe3ee1-5036-4085-804d-ffdf71fb9b91,Pz,beta,8.341
1763188675.4629,0dfe3ee1-5036-4085-804d-ffdf71fb9b91,Pz,gamma,1.222
1763188675.5877,0dfe3ee1-5036-4085-804d-ffdf71fb9b91,AF3,delta,96.76
1763188675.5877,0dfe3ee1-5036-4085-804d-ffdf71fb9b91,AF3,theta,49.018
1763188675.5877,0dfe3ee1-5036-4085-804d-ffdf71fb9b91,AF3,alpha,7.906
1763188675.5877,0dfe3ee1-5036-4085-804d-ffdf71fb9b91,AF3,beta,6.814
1763188675.5877,0dfe3ee1-5036-4085-804d-ffdf71fb9b91,AF3,gamma,1.432
1763188675.5877,0dfe3ee1-5036-4085-804d-ffdf71fb9b91,AF4,delta,201.45
1763188675.5877,0dfe3ee1-5036-4085-804d-ffdf71fb9b91,AF4,theta,44.488
1763188675.5877,0dfe3ee1-5036-4085-804d-ffdf71fb9b91,AF4,alpha,17.758
1763188675.5877,0dfe3ee1-5036-4085-804d-ffdf71fb9b91,AF4,beta,44.338
1763188675.5877,0dfe3ee1-5036-4085-804d-ffdf71fb9b91,AF4,gamma,286.664
1763188675.5877,0dfe3ee1-5036-4085-804d-ffdf71fb9b91,T7,delta,2.829
1763188675.5877,0dfe3ee1-5036-4085-804d-ffdf71fb9b91,T7,theta,2.014
1763188675.5877,0dfe3ee1-5036-4085-804d-ffdf71fb9b91,T7,alpha,1.981
1763188675.5877,0dfe3ee1-5036-4085-804d-ffdf71fb9b91,T7,beta,15.364
1763188675.5877,0dfe3ee1-5036-4085-804d-ffdf71fb9b91,T7,gamma,13.185
1763188675.5877,0dfe3ee1-5036-4085-804d-ffdf71fb9b91,T8,delta,0.929
1763188675.5877,0dfe3ee1-5036-4085-804d-ffdf71fb9b91,T8,theta,0.565
1763188675.5877,0dfe3ee1-5036-4085-804d-ffdf71fb9b91,T8,alpha,0.121
1763188675.5877,0dfe3ee1-5036-4085-804d-ffdf71fb9b91,T8,beta,0.198
1763188675.5877,0dfe3ee1-5036-4085-804d-ffdf71fb9b91,T8,gamma,0.083
1763188675.5877,0dfe3ee1-5036-4085-804d-ffdf71fb9b91,Pz,delta,111.158
1763188675.5877,0dfe3ee1-5036-4085-804d-ffdf71fb9b91,Pz,theta,48.144
1763188675.5877,0dfe3ee1-5036-4085-804d-ffdf71fb9b91,Pz,alpha,9.743
1763188675.5877,0dfe3ee1-5036-4085-804d-ffdf71fb9b91,Pz,beta,7.476
1763188675.5877,0dfe3ee1-5036-4085-804d-ffdf71fb9b91,Pz,gamma,1.132
1763188675.7126,0dfe3ee1-5036-4085-804d-ffdf71fb9b91,AF3,delta,97.085
1763188675.7126,0dfe3ee1-5036-4085-804d-ffdf71fb9b91,AF3,theta,48.048
1763188675.7126,0dfe3ee1-5036-4085-804d-ffdf71fb9b91,AF3,alpha,7.097
1763188675.7126,0dfe3ee1-5036-4085-804d-ffdf71fb9b91,AF3,beta,5.614
1763188675.7126,0dfe3ee1-5036-4085-804d-ffdf71fb9b91,AF3,gamma,1.252
1763188675.7126,0dfe3ee1-5036-4085-804d-ffdf71fb9b91,AF4,delta,236.999
1763188675.7126,0dfe3ee1-5036-4085-804d-ffdf71fb9b91,AF4,theta,46.604
1763188675.7126,0dfe3ee1-5036-4085-804d-ffdf71fb9b91,AF4,alpha,18.161
1763188675.7126,0dfe3ee1-5036-4085-804d-ffdf71fb9b91,AF4,beta,52.982
1763188675.7126,0dfe3ee1-5036-4085-804d-ffdf71fb9b91,AF4,gamma,284.944
1763188675.7126,0dfe3ee1-5036-4085-804d-ffdf71fb9b91,T7,delta,3.081
1763188675.7126,0dfe3ee1-5036-4085-804d-ffdf71fb9b91,T7,theta,2.433
1763188675.7126,0dfe3ee1-5036-4085-804d-ffdf71fb9b91,T7,alpha,1.924
1763188675.7126,0dfe3ee1-5036-4085-804d-ffdf71fb9b91,T7,beta,14.195
1763188675.7126,0dfe3ee1-5036-4085-804d-ffdf71fb9b91,T7,gamma,12.273
1763188675.7126,0dfe3ee1-5036-4085-804d-ffdf71fb9b91,T8,delta,0.985
1763188675.7126,0dfe3ee1-5036-4085-804d-ffdf71fb9b91,T8,theta,0.579
1763188675.7126,0dfe3ee1-5036-4085-804d-ffdf71fb9b91,T8,alpha,0.101
1763188675.7126,0dfe3ee1-5036-4085-804d-ffdf71fb9b91,T8,beta,0.16
1763188675.7126,0dfe3ee1-5036-4085-804d-ffdf71fb9b91,T8,gamma,0.069
1763188675.7126,0dfe3ee1-5036-4085-804d-ffdf71fb9b91,Pz,delta,114.349
1763188675.7126,0dfe3ee1-5036-4085-804d-ffdf71fb9b91,Pz,theta,47.479
1763188675.7126,0dfe3ee1-5036-4085-804d-ffdf71fb9b91,Pz,alpha,8.863
1763188675.7126,0dfe3ee1-5036-4085-804d-ffdf71fb9b91,Pz,beta,6.092
1763188675.7126,0dfe3ee1-5036-4085-804d-ffdf71fb9b91,Pz,gamma,1.019
1763188675.8374,0dfe3ee1-5036-4085-804d-ffdf71fb9b91,AF3,delta,96.121
1763188675.8374,0dfe3ee1-5036-4085-804d-ffdf71fb9b91,AF3,theta,46.582
1763188675.8374,0dfe3ee1-5036-4085-804d-ffdf71fb9b91,AF3,alpha,6.011
1763188675.8374,0dfe3ee1-5036-4085-804d-ffdf71fb9b91,AF3,beta,4.343
1763188675.8374,0dfe3ee1-5036-4085-804d-ffdf71fb9b91,AF3,gamma,1.095
1763188675.8374,0dfe3ee1-5036-4085-804d-ffdf71fb9b91,AF4,delta,274.788
1763188675.8374,0dfe3ee1-5036-4085-804d-ffdf71fb9b91,AF4,theta,45.171
1763188675.8374,0dfe3ee1-5036-4085-804d-ffdf71fb9b91,AF4,alpha,17.611
1763188675.8374,0dfe3ee1-5036-4085-804d-ffdf71fb9b91,AF4,beta,61.357
1763188675.8374,0dfe3ee1-5036-4085-804d-ffdf71fb9b91,AF4,gamma,279.758
1763188675.8374,0dfe3ee1-5036-4085-804d-ffdf71fb9b91,T7,delta,3.044
1763188675.8374,0dfe3ee1-5036-4085-804d-ffdf71fb9b91,T7,theta,2.982
1763188675.8374,0dfe3ee1-5036-4085-804d-ffdf71fb9b91,T7,alpha,1.738
1763188675.8374,0dfe3ee1-5036-4085-804d-ffdf71fb9b91,T7,beta,12.899
1763188675.8374,0dfe3ee1-5036-4085-804d-ffdf71fb9b91,T7,gamma,11.282
1763188675.8374,0dfe3ee1-5036-4085-804d-ffdf71fb9b91,T8,delta,1.073
1763188675.8374,0dfe3ee1-5036-4085-804d-ffdf71fb9b91,T8,theta,0.594
1763188675.8374,0dfe3ee1-5036-4085-804d-ffdf71fb9b91,T8,alpha,0.08
1763188675.8374,0dfe3ee1-5036-4085-804d-ffdf71fb9b91,T8,beta,0.122
1763188675.8374,0dfe3ee1-5036-4085-804d-ffdf71fb9b91,T8,gamma,0.055
1763188675.8374,0dfe3ee1-5036-4085-804d-ffdf71fb9b91,Pz,delta,117.675
1763188675.8374,0dfe3ee1-5036-4085-804d-ffdf71fb9b91,Pz,theta,46.435
1763188675.8374,0dfe3ee1-5036-4085-804d-ffdf71fb9b91,Pz,alpha,7.455
1763188675.8374,0dfe3ee1-5036-4085-804d-ffdf71fb9b91,Pz,beta,4.663
1763188675.8374,0dfe3ee1-5036-4085-804d-ffdf71fb9b91,Pz,gamma,0.928
1763188675.9621,0dfe3ee1-5036-4085-804d-ffdf71fb9b91,AF3,delta,94.409
1763188675.9621,0dfe3ee1-5036-4085-804d-ffdf71fb9b91,AF3,theta,46.213
1763188675.9621,0dfe3ee1-5036-4085-804d-ffdf71fb9b91,AF3,alpha,4.801
1763188675.9621,0dfe3ee1-5036-4085-804d-ffdf71fb9b91,AF3,beta,3.304
1763188675.9621,0dfe3ee1-5036-4085-804d-ffdf71fb9b91,AF3,gamma,1.0
1763188675.9621,0dfe3ee1-5036-4085-804d-ffdf71fb9b91,AF4,delta,305.505
1763188675.9621,0dfe3ee1-5036-4085-804d-ffdf71fb9b91,AF4,theta,41.964
1763188675.9621,0dfe3ee1-5036-4085-804d-ffdf71fb9b91,AF4,alpha,16.32
1763188675.9621,0dfe3ee1-5036-4085-804d-ffdf71fb9b91,AF4,beta,66.529
1763188675.9621,0dfe3ee1-5036-4085-804d-ffdf71fb9b91,AF4,gamma,268.278
1763188675.9621,0dfe3ee1-5036-4085-804d-ffdf71fb9b91,T7,delta,2.835
1763188675.9621,0dfe3ee1-5036-4085-804d-ffdf71fb9b91,T7,theta,3.554
1763188675.9621,0dfe3ee1-5036-4085-804d-ffdf71fb9b91,T7,alpha,1.478
1763188675.9621,0dfe3ee1-5036-4085-804d-ffdf71fb9b91,T7,beta,11.263
1763188675.9621,0dfe3ee1-5036-4085-804d-ffdf71fb9b91,T7,gamma,10.082
1763188675.9621,0dfe3ee1-5036-4085-804d-ffdf71fb9b91,T8,delta,1.171
1763188675.9621,0dfe3ee1-5036-4085-804d-ffdf71fb9b91,T8,theta,0.621
1763188675.9621,0dfe3ee1-5036-4085-804d-ffdf71fb9b91,T8,alpha,0.062
1763188675.9621,0dfe3ee1-5036-4085-804d-ffdf71fb9b91,T8,beta,0.094
1763188675.9621,0dfe3ee1-5036-4085-804d-ffdf71fb9b91,T8,gamma,0.045
1763188675.9621,0dfe3ee1-5036-4085-804d-ffdf71fb9b91,Pz,delta,120.255
1763188675.9621,0dfe3ee1-5036-4085-804d-ffdf71fb9b91,Pz,theta,46.351
1763188675.9621,0dfe3ee1-5036-4085-804d-ffdf71fb9b91,Pz,alpha,5.941
1763188675.9621,0dfe3ee1-5036-4085-804d-ffdf71fb9b91,Pz,beta,3.552
1763188675.9621,0dfe3ee1-5036-4085-804d-ffdf71fb9b91,Pz,gamma,0.895
1763188676.0877,0dfe3ee1-5036-4085-804d-ffdf71fb9b91,AF3,delta,91.103
1763188676.0877,0dfe3ee1-5036-4085-804d-ffdf71fb9b91,AF3,theta,46.895
1763188676.0877,0dfe3ee1-5036-4085-804d-ffdf71fb9b91,AF3,alpha,3.707
1763188676.0877,0dfe3ee1-5036-4085-804d-ffdf71fb9b91,AF3,beta,2.603
1763188676.0877,0dfe3ee1-5036-4085-804d-ffdf71fb9b91,AF3,gamma,0.976
1763188676.0877,0dfe3ee1-5036-4085-804d-ffdf71fb9b91,AF4,delta,322.026
1763188676.0877,0dfe3ee1-5036-4085-804d-ffdf71fb9b91,AF4,theta,40.851
1763188676.0877,0dfe3ee1-5036-4085-804d-ffdf71fb9b91,AF4,alpha,15.262
1763188676.0877,0dfe3ee1-5036-4085-804d-ffdf71fb9b91,AF4,beta,66.715
1763188676.0877,0dfe3ee1-5036-4085-804d-ffdf71fb9b91,AF4,gamma,250.577
1763188676.0877,0dfe3ee1-5036-4085-804d-ffdf71fb9b91,T7,delta,2.409
1763188676.0877,0dfe3ee1-5036-4085-804d-ffdf71fb9b91,T7,theta,3.989
1763188676.0877,0dfe3ee1-5036-4085-804d-ffdf71fb9b91,T7,alpha,1.227
1763188676.0877,0dfe3ee1-5036-4085-804d-ffdf71fb9b91,T7,beta,9.266
1763188676.0877,0dfe3ee1-5036-4085-804d-ffdf71fb9b91,T7,gamma,8.659
1763188676.0877,0dfe3ee1-5036-4085-804d-ffdf71fb9b91,T8,delta,1.239
1763188676.0877,0dfe3ee1-5036-4085-804d-ffdf71fb9b91,T8,theta,0.647
1763188676.0877,0dfe3ee1-5036-4085-804d-ffdf71fb9b91,T8,alpha,0.05
1763188676.0877,0dfe3ee1-5036-4085-804d-ffdf71fb9b91,T8,beta,0.077
1763188676.0877,0dfe3ee1-5036-4085-804d-ffdf71fb9b91,T8,gamma,0.038
1763188676.0877,0dfe3ee1-5036-4085-804d-ffdf71fb9b91,Pz,delta,119.457
1763188676.0877,0dfe3ee1-5036-4085-804d-ffdf71fb9b91,Pz,theta,47.071
1763188676.0877,0dfe3ee1-5036-4085-804d-ffdf71fb9b91,Pz,alpha,4.761
1763188676.0877,0dfe3ee1-5036-4085-804d-ffdf71fb9b91,Pz,beta,2.869
1763188676.0877,0dfe3ee1-5036-4085-804d-ffdf71fb9b91,Pz,gamma,0.935
1763188676.2127,0dfe3ee1-5036-4085-804d-ffdf71fb9b91,AF3,delta,85.543
1763188676.2127,0dfe3ee1-5036-4085-804d-ffdf71fb9b91,AF3,theta,46.957
1763188676.2127,0dfe3ee1-5036-4085-804d-ffdf71fb9b91,AF3,alpha,2.973
1763188676.2127,0dfe3ee1-5036-4085-804d-ffdf71fb9b91,AF3,beta,2.205
1763188676.2127,0dfe3ee1-5036-4085-804d-ffdf71fb9b91,AF3,gamma,1.0
1763188676.2127,0dfe3ee1-5036-4085-804d-ffdf71fb9b91,AF4,delta,321.059
1763188676.2127,0dfe3ee1-5036-4085-804d-ffdf71fb9b91,AF4,theta,44.793
1763188676.2127,0dfe3ee1-5036-4085-804d-ffdf71fb9b91,AF4,alpha,15.505
1763188676.2127,0dfe3ee1-5036-4085-804d-ffdf71fb9b91,AF4,beta,61.677
1763188676.2127,0dfe3ee1-5036-4085-804d-ffdf71fb9b91,AF4,gamma,229.477
1763188676.2127,0dfe3ee1-5036-4085-804d-ffdf71fb9b91,T7,delta,1.963
1763188676.2127,0dfe3ee1-5036-4085-804d-ffdf71fb9b91,T7,theta,4.127
1763188676.2127,0dfe3ee1-5036-4085-804d-ffdf71fb9b91,T7,alpha,1.028
1763188676.2127,0dfe3ee1-5036-4085-804d-ffdf71fb9b91,T7,beta,7.065
1763188676.2127,0dfe3ee1-5036-4085-804d-ffdf71fb9b91,T7,gamma,7.096
1763188676.2127,0dfe3ee1-5036-4085-804d-ffdf71fb9b91,T8,delta,1.217
1763188676.2127,0dfe3ee1-5036-4085-804d-ffdf71fb9b91,T8,theta,0.648
1763188676.2127,0dfe3ee1-5036-4085-804d-ffdf71fb9b91,T8,alpha,0.044
1763188676.2127,0dfe3ee1-5036-4085-804d-ffdf71fb9b91,T8,beta,0.066
1763188676.2127,0dfe3ee1-5036-4085-804d-ffdf71fb9b91,T8,gamma,0.034
1763188676.2127,0dfe3ee1-5036-4085-804d-ffdf71fb9b91,Pz,delta,113.029
1763188676.2127,0dfe3ee1-5036-4085-804d-ffdf71fb9b91,Pz,theta,46.945
1763188676.2127,0dfe3ee1-5036-4085-804d-ffdf71fb9b91,Pz,alpha,4.221
1763188676.2127,0dfe3ee1-5036-4085-804d-ffdf71fb9b91,Pz,beta,2.515
1763188676.2127,0dfe3ee1-5036-4085-804d-ffdf71fb9b91,Pz,gamma,1.029
1763188676.3377,0dfe3ee1-5036-4085-804d-ffdf71fb9b91,AF3,delta,76.961
1763188676.3377,0dfe3ee1-5036-4085-804d-ffdf71fb9b91,AF3,theta,44.253
1763188676.3377,0dfe3ee1-5036-4085-804d-ffdf71fb9b91,AF3,alpha,2.659
1763188676.3377,0dfe3ee1-5036-4085-804d-ffdf71fb9b91,AF3,beta,2.008
1763188676.3377,0dfe3ee1-5036-4085-804d-ffdf71fb9b91,AF3,gamma,1.036
1763188676.3377,0dfe3ee1-5036-4085-804d-ffdf71fb9b91,AF4,delta,304.773
1763188676.3377,0dfe3ee1-5036-4085-804d-ffdf71fb9b91,AF4,theta,53.726
1763188676.3377,0dfe3ee1-5036-4085-804d-ffdf71fb9b91,AF4,alpha,17.458
1763188676.3377,0dfe3ee1-5036-4085-804d-ffdf71fb9b91,AF4,beta,52.935
1763188676.3377,0dfe3ee1-5036-4085-804d-ffdf71fb9b91,AF4,gamma,209.034
1763188676.3377,0dfe3ee1-5036-4085-804d-ffdf71fb9b91,T7,delta,1.515
1763188676.3377,0dfe3ee1-5036-4085-804d-ffdf71fb9b91,T7,theta,3.886
1763188676.3377,0dfe3ee1-5036-4085-804d-ffdf71fb9b91,T7,alpha,0.884
1763188676.3377,0dfe3ee1-5036-4085-804d-ffdf71fb9b91,T7,beta,4.989
1763188676.3377,0dfe3ee1-5036-4085-804d-ffdf71fb9b91,T7,gamma,5.602
1763188676.3377,0dfe3ee1-5036-4085-804d-ffdf71fb9b91,T8,delta,1.085
1763188676.3377,0dfe3ee1-5036-4085-804d-ffdf71fb9b91,T8,theta,0.601
1763188676.3377,0dfe3ee1-5036-4085-804d-ffdf71fb9b91,T8,alpha,0.043
1763188676.3377,0dfe3ee1-5036-4085-804d-ffdf71fb9b91,T8,beta,0.055
1763188676.3377,0dfe3ee1-5036-4085-804d-ffdf71fb9b91,T8,gamma,0.031
1763188676.3377,0dfe3ee1-5036-4085-804d-ffdf71fb9b91,Pz,delta,100.255
1763188676.3377,0dfe3ee1-5036-4085-804d-ffdf71fb9b91,Pz,theta,44.01
1763188676.3377,0dfe3ee1-5036-4085-804d-ffdf71fb9b91,Pz,alpha,4.291
1763188676.3377,0dfe3ee1-5036-4085-804d-ffdf71fb9b91,Pz,beta,2.315
1763188676.3377,0dfe3ee1-5036-4085-804d-ffdf71fb9b91,Pz,gamma,1.134
1763188676.4626,0dfe3ee1-5036-4085-804d-ffdf71fb9b91,AF3,delta,67.893
1763188676.4626,0dfe3ee1-5036-4085-804d-ffdf71fb9b91,AF3,theta,37.885
1763188676.4626,0dfe3ee1-5036-4085-804d-ffdf71fb9b91,AF3,alpha,2.63
1763188676.4626,0dfe3ee1-5036-4085-804d-ffdf71fb9b91,AF3,beta,1.959
1763188676.4626,0dfe3ee1-5036-4085-804d-ffdf71fb9b91,AF3,gamma,1.059
1763188676.4626,0dfe3ee1-5036-4085-804d-ffdf71fb9b91,AF4,delta,279.603
1763188676.4626,0dfe3ee1-5036-4085-804d-ffdf71fb9b91,AF4,theta,64.954
1763188676.4626,0dfe3ee1-5036-4085-804d-ffdf71fb9b91,AF4,alpha,20.73
1763188676.4626,0dfe3ee1-5036-4085-804d-ffdf71fb9b91,AF4,beta,43.345
1763188676.4626,0dfe3ee1-5036-4085-804d-ffdf71fb9b91,AF4,gamma,192.651
1763188676.4626,0dfe3ee1-5036-4085-804d-ffdf71fb9b91,T7,delta,1.194
1763188676.4626,0dfe3ee1-5036-4085-804d-ffdf71fb9b91,T7,theta,3.32
1763188676.4626,0dfe3ee1-5036-4085-804d-ffdf71fb9b91,T7,alpha,0.774
1763188676.4626,0dfe3ee1-5036-4085-804d-ffdf71fb9b91,T7,beta,3.406
1763188676.4626,0dfe3ee1-5036-4085-804d-ffdf71fb9b91,T7,gamma,4.429
1763188676.4626,0dfe3ee1-5036-4085-804d-ffdf71fb9b91,T8,delta,0.873
1763188676.4626,0dfe3ee1-5036-4085-804d-ffdf71fb9b91,T8,theta,0.503
1763188676.4626,0dfe3ee1-5036-4085-804d-ffdf71fb9b91,T8,alpha,0.046
1763188676.4626,0dfe3ee1-5036-4085-804d-ffdf71fb9b91,T8,beta,0.043
1763188676.4626,0dfe3ee1-5036-4085-804d-ffdf71fb9b91,T8,gamma,0.029
1763188676.4626,0dfe3ee1-5036-4085-804d-ffdf71fb9b91,Pz,delta,84.987
1763188676.4626,0dfe3ee1-5036-4085-804d-ffdf71fb9b91,Pz,theta,37.578
1763188676.4626,0dfe3ee1-5036-4085-804d-ffdf71fb9b91,Pz,alpha,4.659
1763188676.4626,0dfe3ee1-5036-4085-804d-ffdf71fb9b91,Pz,beta,2.174
1763188676.4626,0dfe3ee1-5036-4085-804d-ffdf71fb9b91,Pz,gamma,1.206
